beginning before	end before	beginning after	end after
			
L' algèbre linéaire moderne a été étendu pour considérer les espaces de dimension arbitraire ou infini . Un espace vectoriel de dimension n est appellé un n- espace . La plupart des résultats obtenus dans les 2-espaces et 3-espaces peuvent être étendus aux espaces de dimensions supérieures . Bien que beaucoup de personnes ne peuvent appréhender correctement un vecteur dans un n- espace ils sont utiles pour représenter des données . Les vecteurs étant des listes ordonnées à n composants , la plupart des personnes peuvent manipuler des données efficacement dans cet environnement . Par exemple en économie on peut crééer et utiliser des vecteurs à 8 dimensions pour représenter le produit national brut de huit pays .		L' algèbre linéaire moderne a été étendu pour considérer les espaces de dimension arbitraire ou infini . Un espace vectoriel de dimension n est appellé un n- espace . La plupart des résultats obtenus dans les 2-espaces et 3-espaces peuvent être étendus aux espaces de dimensions supérieures . Bien que beaucoup de personnes ne peuvent appréhender correctement un vecteur dans un n- espace ils sont utiles pour représenter des données . Les vecteurs étant des listes ordonnées à n composants , la plupart des personnes peuvent manipuler des données efficacement dans cet environnement . Par exemple en économie on peut crééer et utiliser des vecteurs à 8 dimensions pour représenter le produit national brut de huit pays .	
			
			
			
			
			
			
À noter aussi : entre deux algorithmes dont la complexité est identique , on cherchera à utiliser celui dont l' occupation mémoire est la plus faible . L' analyse de la complexité algorithmique peut également servir à évaluer l' occupation mémoire d' un algorithme . Enfin , le choix d' un algorithme plutôt qu ' un autre doit se faire en fonction des données que l' on s' attend à lui fournir en entrée .		À noter aussi : entre deux algorithmes dont la complexité est identique , on cherchera à utiliser celui dont l' occupation mémoire est la plus faible . L' analyse de la complexité algorithmique peut également servir à évaluer l' occupation mémoire d' un algorithme . Enfin , le choix d' un algorithme plutôt qu ' un autre doit se faire en fonction des données que l' on s' attend à lui fournir en entrée .	
			
Le substantif algorithmique désigne la méthode utilisant des algorithmes .		Le substantif algorithmique désigne la méthode utilisant des algorithmes .	
Le substantif algorithmique désigne la méthode utilisant des algorithmes .		Le substantif algorithmique désigne la méthode utilisant des algorithmes .	
			
On désigne par algorithmique ou algorithmie l' ensemble des activités logiques qui relèvent des algorithmes .		On désigne par algorithmique ou algorithmie l' ensemble des activités logiques qui relèvent des algorithmes .	
			
Si ces opérations s' exécutent en séquence , on parle d' algorithme séquentiel . Si les opérations s' éxécutent sur plusieurs processeurs en parallèle , on parle d' algorithme parallèle .		Si ces opérations s' exécutent en séquence , on parle d' algorithme séquentiel . Si les opérations s' éxécutent sur plusieurs processeurs en parallèle , on parle d' algorithme parallèle .	
Si ces opérations s' exécutent en séquence , on parle d' algorithme séquentiel .		Si ces opérations s' exécutent en séquence , on parle d' algorithme séquentiel .	
Il existe un certain nombre d' algorithmes classiques , utilisés pour résoudre des problèmes ou plus simplement pour illustrer des méthodes de programmation .		Il existe un certain nombre d' algorithmes classiques , utilisés pour résoudre des problèmes ou plus simplement pour illustrer des méthodes de programmation .	
			
Enfin , il existe certains algorithmes dont la complexité est dite amortie . Cela signifie que , pour certaines exécutions de l' algorithme ( car marginaux ) , la complexité de l' algorithme sera très supérieure au cas moyen .		Enfin , il existe certains algorithmes dont la complexité est dite amortie . Cela signifie que , pour certaines exécutions de l' algorithme ( car marginaux ) , la complexité de l' algorithme sera très supérieure au cas moyen .	
Enfin , il existe certains algorithmes dont la complexité est dite amortie .		Enfin , il existe certains algorithmes dont la complexité est dite amortie .	
			
Les élections présidentielles se déroulent en un ou deux tours . Si aucun candidat ne récolte plus de 45 % des votes , alors un deuxième tour est organisé . Seuls les deux candidats qui ont remportés le plus de votes participent au deuxième tour ( 2003 ) .		Les élections présidentielles se déroulent en un ou deux tours . Si aucun candidat ne récolte plus de 45 % des votes , alors un deuxième tour est organisé . Seuls les deux candidats qui ont remportés le plus de votes participent au deuxième tour ( 2003 ) .	
- la renégociation de la dette en défaut , avec le FMI et avec les créanciers privés .		- la renégociation de la dette en défaut , avec le FMI et avec les créanciers privés .	
Les élections présidentielles se déroulent en un ou deux tours . Si aucun candidat ne récolte plus de 45 % des votes , alors un deuxième tour est organisé .		Les élections présidentielles se déroulent en un ou deux tours . Si aucun candidat ne récolte plus de 45 % des votes , alors un deuxième tour est organisé .	
			
En Irlande , plusieurs organisations ont porté ou portent le nom darmée républicaine irlandaise ( en anglais Irish Republic Army , ou IRA-en irlandais , Óglaigh na hÉireann ) . La première organisation à s' appeler IRA était l' armée de la République irlandaise fondée en 1919 à la suite de l' échec de la rébellion des Irlandais ( Insurrection de Pâques 1916 ) .		En Irlande , plusieurs organisations ont porté ou portent le nom darmée républicaine irlandaise ( en anglais Irish Republic Army , ou IRA-en irlandais , Óglaigh na hÉireann ) . La première organisation à s' appeler IRA était l' armée de la République irlandaise fondée en 1919 à la suite de l' échec de la rébellion des Irlandais ( Insurrection de Pâques 1916 ) .	
Quand l' État libre d' Irlande devient une République indépendante ( 1948 ) , l' IRA mène une nouvelle lutte terroriste ( bombe , assassinat , attentat , etc . ) en Irlande du Nord et en Grande-Bretagne . Le but est d' intégrer l' Irlande du Nord à la République d' Irlande .		Quand l' État libre d' Irlande devient une République indépendante ( 1948 ) , l' IRA mène une nouvelle lutte terroriste ( bombe , assassinat , attentat , etc . ) en Irlande du Nord et en Grande-Bretagne . Le but est d' intégrer l' Irlande du Nord à la République d' Irlande .	
En Irlande , plusieurs organisations ont porté ou portent le nom darmée républicaine irlandaise ( en anglais Irish Republican Army , ou IRA-en gaelic , Óglaigh na hÉireann ) .		En Irlande , plusieurs organisations ont porté ou portent le nom darmée républicaine irlandaise ( en anglais Irish Republican Army , ou IRA-en gaelic , Óglaigh na hÉireann ) .	
En Irlande , plusieurs organisations ont porté ou portent le nom darmée républicaine irlandaise ( en anglais Irish Republican Army , ou IRA-en gaelic , Óglaigh na hÉireann ) .		En Irlande , plusieurs organisations ont porté ou portent le nom darmée républicaine irlandaise ( en anglais Irish Republican Army , ou IRA-en gaelic , Óglaigh na hÉireann ) .	
			
			
			
* PIB ( produit intérieur brut ) :		* PIB ( produit intérieur brut ) :	
			
* En 2006 , près de 440 millions de passagers ont emprunté le réseau ferroviaire autrichien , soit une augmentation de 10 millions par rapport à 2005 . Cette croissance rapide ainsi que des investissements insuffisants ont obligé ÖBB à louer des wagons supplémentaires auprès de ses partenaires allemande , suisse , italienne , roumaine , hongroise et polonaise , afin de faire face à la demande notamment lors des vacances de Noël 2006 .		* En 2006 , près de 440 millions de passagers ont emprunté le réseau ferroviaire autrichien , soit une augmentation de 10 millions par rapport à 2005 . Cette croissance rapide ainsi que des investissements insuffisants ont obligé ÖBB à louer des wagons supplémentaires auprès de ses partenaires allemande , suisse , italienne , roumaine , hongroise et polonaise , afin de faire face à la demande notamment lors des vacances de Noël 2006 .	
La majorité du réseau ferroviaire est gérée par la société ÖBB (" Österreichische Bundesbahnen " ).		La majorité du réseau ferroviaire est gérée par la société ÖBB (" Österreichische Bundesbahnen " ).	
* Le transport de camions par voie ferrée ( également connu sous le terme de « transport combiné ») est en développement rapide : la traversée du Tyrol sur rails a été utilisée par près de 110 . 000 camions en 2006 , soit une augmentation de 130 % du trafic .		* Le transport de camions par voie ferrée ( également connu sous le terme de « transport combiné ») est en développement rapide : la traversée du Tyrol sur rails a été utilisée par près de 110 . 000 camions en 2006 , soit une augmentation de 130 % du trafic .	
			
70 % du pays est couvert par les Alpes , ou les riviéres ( Inn , Salzach , Drau , Mur ) tracent des vallés ou se concentre la vie humaine alpine . Malgré les montagne le pays posséde une agriculture prospére .		70 % du pays est couvert par les Alpes , ou les riviéres ( Inn , Salzach , Drau , Mur ) tracent des vallés ou se concentre la vie humaine alpine . Malgré les montagne le pays posséde une agriculture prospére .	
			
			
			
			
			
70 % du pays est couvert par les Alpes , ou les rivières ( Inn , Salzach , Drau , Mur ) tracent des vallées où se concentre la vie humaine alpine .		70 % du pays est couvert par les Alpes , ou les rivières ( Inn , Salzach , Drau , Mur ) tracent des vallées où se concentre la vie humaine alpine .	
Sur les faces extérieures de l' arc sont gravés les noms des grands révolutionnaires et des victoires militaires de Napoléon I er .		Sur les faces extérieures de l' arc sont gravés les noms des grands révolutionnaires et des victoires militaires de Napoléon I er .	
			
			
			
La vie et les aventures d' Arsène Lupin seront largement inspirées par les exploits d' Alexandre Marius Jacob , anarchiste idéaliste , cambrioleur et bagnard , ( 1879 -1954 ) , le journaliste Maurice Leblanc ( 1864 -1941 ) a vécu , il ne faut pas l' oublier à la même époque qu ' Alexandre Marius Jacob , un exemple , premier exploit :		La vie et les aventures d' Arsène Lupin seront largement inspirées par les exploits d' Alexandre Marius Jacob , anarchiste idéaliste , cambrioleur et bagnard , ( 1879 -1954 ) , le journaliste Maurice Leblanc ( 1864 -1941 ) a vécu , il ne faut pas l' oublier à la même époque qu ' Alexandre Marius Jacob , un exemple , premier exploit :	
Sa répulsion à tuer et son respect des femmes le rendent fort sympathique pour un large public jusqu ' à aujourd ' hui :		Sa répulsion à tuer et son respect des femmes le rendent fort sympathique pour un large public jusqu ' à aujourd ' hui :	
La vie et les aventures d' Arsène Lupin furent largement inspirées par les exploits d' Alexandre Marius Jacob , anarchiste idéaliste , cambrioleur et bagnard , ( 1879 -1954 ) , le journaliste Maurice Leblanc ( 1864 -1941 ) a vécu , il ne faut pas l' oublier à la même époque qu ' Alexandre Marius Jacob , un exemple , premier exploit : il dévalise le Mont-de-Piété de Marseille grâce à une sublime entourloupe et repart avec 400 000 francs-or , pour faire bonne mesure il emmène le commissionnaire du Mont-de-Piété au palais de justice ! C' est le début d' une folle aventure ; il nargua la police pendant des années .		La vie et les aventures d' Arsène Lupin furent largement inspirées par les exploits d' Alexandre Marius Jacob , anarchiste idéaliste , cambrioleur et bagnard , ( 1879 -1954 ) , le journaliste Maurice Leblanc ( 1864 -1941 ) a vécu , il ne faut pas l' oublier à la même époque qu ' Alexandre Marius Jacob , un exemple , premier exploit : il dévalise le Mont-de-Piété de Marseille grâce à une sublime entourloupe et repart avec 400 000 francs-or , pour faire bonne mesure il emmène le commissionnaire du Mont-de-Piété au palais de justice ! C' est le début d' une folle aventure ; il nargua la police pendant des années .	
* Prince Serge Rénine , identité alternative à Paul Sernine , en 1910 ( source :		* Prince Serge Rénine , identité alternative à Paul Sernine , en 1910 ( source :	
* EPR Electronic Patient Record . Traduction française : dossier patient électronique .		* EPR Electronic Patient Record . Traduction française : dossier patient électronique .	
			
			
			
Les moudjahiddins non Taliban et d' autres groupes créèrent alors une coalition connue sous le nom d' Alliance du Nord , laquelle ne contrôlait que la partie nord du pays jusqu ' en novembre 2001 , où la situation s' inversa rapidement :		Les moudjahiddins non Taliban et d' autres groupes créèrent alors une coalition connue sous le nom d' Alliance du Nord , laquelle ne contrôlait que la partie nord du pays jusqu ' en novembre 2001 , où la situation s' inversa rapidement :	
* http : // www . lecourrier . ch / modules .		* http : // www . lecourrier . ch / modules .	
L' Afghanistan , souvent appelé le carrefour de l' Asie Centrale , a eu une histoire très mouvementée .		L' Afghanistan , souvent appelé le carrefour de l' Asie Centrale , a eu une histoire très mouvementée .	
			
Les troupes et les agences de renseignements des États-Unis et nombres d' autres pays sont présents , certains pour garder la paix , d' autres assignés à chasser les Talibans et al-Qaïda .		Les troupes et les agences de renseignements des États-Unis et nombres d' autres pays sont présents , certains pour garder la paix , d' autres assignés à chasser les Talibans et al-Qaïda .	
Pour la religion , les Afghans sont à prédominance musulmane ( approximativement 84 % Sunnites et 15 % Chiites ) . Il existe aussi des minorités hindouistes et Sikhs , avec une minorité juive restant actuellement à 1 , récemment descendue de 2 .		Pour la religion , les Afghans sont à prédominance musulmane ( approximativement 84 % Sunnites et 15 % Chiites ) . Il existe aussi des minorités hindouistes et Sikhs , avec une minorité juive restant actuellement à 1 , récemment descendue de 2 .	
Les élections nationales furent tenues le 9 octobre 2004 .		Les élections nationales furent tenues le 9 octobre 2004 .	
			
			
			
Alors que Kaboul était sur le point de changer de main , les gardes afghans en charge de la protection des locaux de l' ONU s' enfuirent . Dans une dernière tentative désespérée , Nadjibullah appela à l' aide les représentants de l' ONU à Islamabad , en vain .		Alors que Kaboul était sur le point de changer de main , les gardes afghans en charge de la protection des locaux de l' ONU s' enfuirent . Dans une dernière tentative désespérée , Nadjibullah appela à l' aide les représentants de l' ONU à Islamabad , en vain .	
			
Le peuple d' Afghanistan se réapproprie les cavaliers , le sport connu sous le nom de Buzkashi y est populaire .		Le peuple d' Afghanistan se réapproprie les cavaliers , le sport connu sous le nom de Buzkashi y est populaire .	
L' URSS décide unilatéralement de quitter le pays en février 1989 , laissant à Nadjibullah le contrôle du pays . Le régime tombe le 29 avril 1992 après la prise de Kaboul et la démission de Mohammed Nadjibullah le 16 avril .		L' URSS décide unilatéralement de quitter le pays en février 1989 , laissant à Nadjibullah le contrôle du pays . Le régime tombe le 29 avril 1992 après la prise de Kaboul et la démission de Mohammed Nadjibullah le 16 avril .	
			
L' Eurocorps est sous la responsabilité de l' OTAN qui dirige la FIAS à Kaboul depuis le 9 août 2004 .		L' Eurocorps est sous la responsabilité de l' OTAN qui dirige la FIAS à Kaboul depuis le 9 août 2004 .	
			
LAfghanistan ( Pachto / Dari : Afğānistān افغانستان ) est un pays d' Asie centrale , entouré du Turkménistan , de l' Ouzbékistan , du Tadjikistan , de la Chine , du Pakistan et de l' Iran . Depuis l' invasion soviétique en 1979 et des années de guerre civile l' afghanistan connait un appauvrissement considerable .		LAfghanistan ( Pachto / Dari : Afğānistān افغانستان ) est un pays d' Asie centrale , entouré du Turkménistan , de l' Ouzbékistan , du Tadjikistan , de la Chine , du Pakistan et de l' Iran . Depuis l' invasion soviétique en 1979 et des années de guerre civile l' afghanistan connait un appauvrissement considerable .	
Le peuple d' Afghanistan se réapproprie les cavaliers , le sport connu sous le nom de Buzkashi y est populaire .		Le peuple d' Afghanistan se réapproprie les cavaliers , le sport connu sous le nom de Buzkashi y est populaire .	
			
L' Eurocorps est sous la responsabilité de l' OTAN qui dirige la FIAS à Kaboul depuis le 9 août 2004 .		L' Eurocorps est sous la responsabilité de l' OTAN qui dirige la FIAS à Kaboul depuis le 9 août 2004 .	
			
			
			
			
			
			
			
			
			
			
			
			
			
			
*:		*:	
			
* Pour simplifier l' écriture informatique le symbole NON est parfois remplacé par le caractère | après la variable .		* Pour simplifier l' écriture informatique le symbole NON est parfois remplacé par le caractère | après la variable .	
			
			
L' observation de la table montre que notre analyse première comportait une situation absurde :		L' observation de la table montre que notre analyse première comportait une situation absurde :	
			
			
Actuellement ( 2002 ) , il est possible de trouver un compilateur Ada de très bonne qualité pour toute sorte de système d' exploitation et d' architectures .		Actuellement ( 2002 ) , il est possible de trouver un compilateur Ada de très bonne qualité pour toute sorte de système d' exploitation et d' architectures .	
			
			
			
			
IL existe des raccourcis pour Ada . Text _ IO .		IL existe des raccourcis pour Ada . Text _ IO .	
			
			
1995 – La révision tant attendue arrive à son terme , Ada95 voit le jour . Une norme révisée est publiée , ISO / IEC 8652 : 1995 .		1995 – La révision tant attendue arrive à son terme , Ada95 voit le jour . Une norme révisée est publiée , ISO / IEC 8652 : 1995 .	
			
			
			
Il existe des raccourcis pour Ada . Text _ IO .		Il existe des raccourcis pour Ada . Text _ IO .	
Ada est inspiré du Pascal dont il a repris tant l' esprit de la syntaxe que de l' architecture ( surtout si on inclut Turbo Pascal ) .		Ada est inspiré du Pascal dont il a repris tant l' esprit de la syntaxe que de l' architecture ( surtout si on inclut Turbo Pascal ) .	
			
