before	after	id
of	de	61
Triumf	Triomphe	189
Perse	persan	327
tient	tire	814
emre	mer	923
emre	mer	965
ou	soit	1249
el	le	1438
el	le	1651
bbbbm	m	1889
cvbLe	Le	1890
bbbbm	m	1968
cvbLe	Le	1969
and	et	2287
but	objet	2408
courant	cours	2503
bébé	début	2540
sciencecaca	science	2551
orrrrrigine	origine	2612
bitescience	science	2630
cartes	ports	2830
Sound	Signal	3290
jouer	jouait	3433
tel	telles	3438
plate	plaques	3483
athéiste	athée	3955
athéiste	athée	3957
butte	jetée	4198
ames	hommes	4287
bug	bogue	4302
makak	navale	4424
maud	grec	4924
ahgh	avec	4961
Gide	il	5022
elle	ils	5227
the	la	5260
Croit	crotte	5290
Croit	crotte	5291
Croit	crotte	5292
Croit	crotte	5293
Croit	crotte	5294
Croit	crotte	5295
Croit	crotte	5296
Croit	crotte	5297
Croit	crotte	5298
Croit	crotte	5299
Croit	crotte	5300
Croit	crotte	5301
Croit	crotte	5302
Croit	crotte	5303
faste	fasciste	6080
pte	petite	6827
June	juin	7036
fallu	fallait	7091
tiret	trait	7413
Jim	James	7506
font	firent	7656
leftIl	Il	7825
tel	telles	8173
cubiques	cubes	8269
En	Dés	8337
testDans	Dans	8570
maixghs	mais	8670
voie	rue	8987
dû	doit	9067
and	et	9129
avez	a	9170
al	de	10445
sites	liens	10770
of	de	11127
Naît	Né	11454
cepand	cependant	11647
zitanoisme	taoïsme	11738
and	et	11752
klàkoes	les	11937
fort	corsé	12113
Daddy	de	12162
kilo	kg	12605
Cooking	Cuisine	12619
c?est	sont	12712
cinémaghgj	cinéma	12824
nommmm	nom	13551
Galère	Galba	13793
restant	reste	13849
Juan	José	14136
En	De	14261
coipo	grive	14283
Jamaica	Jamaïque	14765
North	nord	14838
Du	Le	14948
World	Monde	14999
gagne	gagnait	15211
frére	fils	15519
lum	lumière	15691
achater	racheté	15949
base	baserai	16050
conré	considéré	16092
tel	telles	16243
penis	corps	16547
sait	peut	16576
sait	peut	16577
cédé	cédérom	16954
Cédérom	Cédé	16955
femmes	dames	17053
Chine	Corée	17231
écrit	écrivant	17245
bloque	bloc	17468
sc??	scène	17916
avec	avait	17941
et	or	18127
Kuna	sans	18404
Mohamed	Ahmed	18514
Et	Or	18586
al	la	18737
aa	à	18787
sécu	sécurité	18866
ame	cœur	19140
prout	août	19208
erotisme	extase	19230
jours	heures	19320
piwut	Tenue	19464
écre	écriture	19788
leur	lors	19834
Athé	laïc	20160
il	Dieu	20226
Vynils	vinyle	20418
fétué	réfuté	20601
Hors	Or	21493
mots	maux	21800
oeuf	eau	22028
deux	douze	22077
soit	fût	22244
Persecaca	Perse	22329
and	et	22549
lfdsfa	la	22774
nb	nombre	22907
baycal	beylicale	22921
reçu	reçoit	23233
Gaïa	Rhéa	23297
Thor	Odin	23326
juil	juillet	23632
he	la	24539
fév	février	24630
fév	février	24716
patrie	par	25429
The	les	26139
The	les	26358
The	les	26897
sl	simple	27022
en	enter	27185
jp	es	27442
reçue	reçoit	27510
Paul	Pie	27551
duerera	dure	28404
and	et	28849
é	et	29533
cadran	écran	29575
and	et	29586
v	ca	29892
abîmait	abîme	30516
Écuador	Équateur	30570
créant	crée	31353
primicier	prince	32798
Ier	duc	33491
Mekke	Mecque	34101
èmes	e	34350
qui	quitte	34395
huinow	hui	34777
v	ca	35406
rescuer	sauver	36269
lis	livre	36448
ce	va	36484
al	la	37024
pays	pieds	37620
it	fr	37677
on	sur	38178
jake	bill	38276
de	aux	38385
tel	telles	38627
amer	amères	38632
ja	no	39447
Magreb	Maroc	39666
Magreb	Maroc	39674
Magreb	Maroc	39702
a	avec	40085
rural	durable	40110
and	et	40256
etait	est	40491
faim	famine	40528
propre	pure	41336
deux	douze	41338
Félou	Bélier	41423
Splash	crash	41856
of	de	42406
oeuil	œil	42548
iceland	Islande	43049
un	tout	43247
ont	eux	43253
pdf	fr	43261
Sam	Samuel	43294
En	par	43387
raja	roi	43504
Tom	Thomas	43930
bugs	bogues	44200
bug	bogue	44201
tdcde	de	44237
petenature	nature	44324
étéééé	été	44516
fera	fit	44825
krash	crack	44984
est	aient	45194
Wiki	site	45218
on	se	45696
bugs	bogues	45861
bug	bogue	45871
bug	bogue	45872
bug	bogue	45873
bug	bogue	45874
air	ère	46793
menait	menée	47046
clou	coin	47181
deux	douze	47235
cesse	cède	47304
sur	vers	48335
fonde	de	49144
celle	ceux	49698
and	et	50031
comme	contre	50041
Croteomme	Comme	50082
tel	telles	50102
al	la	50339
and	et	50465
music	musique	50466
sté	société	50874
sl	simple	51514
tonplus	plus	51947
Foehn	fœhn	52512
El	Le	53322
Jusepe	José	53350
sn	le	53975
Est	Elle	54035
cela	selon	54073
Rudolf	Rodolphe	54363
vers	dans	54484
puis	suivi	54607
Huldreich	Ulrich	54756
Vitalie	Victorine	55288
cuerue	rue	55312
Great	Royal	55373
ouèbe	web	55403
reerues	erreurs	55531
Elijah	Élie	55612
cubi	Cubes	56423
âcgre	grâce	56967
blonds	bleus	57033
donné	lancé	57078
erstent	reste	57150
El	Le	58450
chez	et	58527
col	port	58659
survit	vit	58856
fille	nièce	58928
têtes	faces	59002
nommait	nomme	59024
oddre	donne	59269
Türk	turc	59579
hu	lb	59629
de	qui	59687
von	de	60480
soit	sera	61209
métalcul	métal	61455
mou	dur	61509
dur	moue	61510
emaille	émail	61569
Dédé	André	61926
Dédé	André	61927
pouple	pieuvre	62091
était	soit	62200
ouvrage	œuvre	62303
do	ut	62412
grécques	grecs	62911
record	score	62963
revêt	revêtait	63069
grèce	Grec	63102
Sénatnoob	Sénat	63347
ligurienne	ligure	63379
Jean	Léon	63579
veut	voulut	64003
accroîtcrue	accroît	64328
poéte	poétesse	64444
ils	qui	64562
and	et	64998
Uighur	Ouïgour	65187
lalelu	la	65247
Welf	Guelfes	65353
Léontios	Léonce	65502
indous	Indiens	66038
dude	roi	66152
ça	cela	66420
al	la	66589
Chris	Christine	66771
homjjjjmage	hommage	67630
des	très	68264
maise	mauvaise	68327
of	de	68727
lamelle	lame	68974
mais	qui	68983
and	et	69155
inordre	infixe	69398
inordre	infixe	69399
la	Une	69624
Mughal	mogol	69839
Speyer	Spire	69858
sontent	sont	69941
kilo	kg	70190
Poop	Adam	70500
Poop	Adam	70503
Leurs	des	71131
elise	élisent	71188
Clinton	Cochon	71527
laïques	laïcs	71552
molle	mouillée	71567
el	le	71726
é	et	71851
qu´une	une	72337
En	De	72563
clou	coin	72685
simon	con	72704
causant	causé	73114
music	musique	73139
do	ut	73333
Est	ouest	73888
fiablement	fiable	73901
avec	le	74257
te	et	74821
page	p	74995
ces	leurs	75113
laïques	laïcs	75246
Goumiers	Goums	75260
unjvg	un	75803
tel	telles	76098
pose	posait	76314
Red	Vert	76599
Red	Vert	76601
Grecques	Grecs	76667
toits	toitures	76682
pas	pied	76816
pas	pied	76817
i	de	76855
que	auquel	76863
oeuve	œuvre	77020
farsi	persan	77082
passant	passe	77587
son	sonore	77709
plus	au	78701
comme	contre	79048
rouge	noire	79051
dins	dessins	79225
lExpo	l	79474
Aasim	il	80045
and	et	80110
La	Ce	80265
avont	avaient	80648
surnomé	nommé	80846
and	et	81096
échée	échoit	81424
vaudra	vaut	81839
leftAu	Au	82039
and	et	82172
ottes	culottes	82274
amis	alliés	82423
Grèce	grec	82735
Icrelle	Elle	82748
Tres	Trévires	82998
descrir	définir	83012
Jacobson	Jacob	83066
après	puis	83085
père	pair	83093
and	et	83230
feront	fera	83306
Adam	Alain	83508
remet	rend	83894
en	avec	84200
usa	en	84223
uk	en	84224
usa	en	84225
usa	en	84226
uk	en	84227
usa	en	84228
megaEn	En	84330
font	firent	84484
quoi	coin	84499
fublé	tissé	84578
flavien	fla	85215
par	partie	85234
sertprêtre	prêtre	85432
and	et	85471
and	et	85473
dessous	sous	86085
Judeau	Judo	86137
a	un	86264
ça	cela	86447
leftAuxerre	Auxerre	87398
and	et	88014
and	et	88015
and	et	88017
and	et	88018
and	et	88024
dans	durant	88164
Géné	Gênées	88277
avoir	ouvrir	88284
Da	Je	88521
leftLe	Le	88995
True	vrai	89281
at	de	89288
Orc	Orque	89413
Count	Comte	89418
Count	Comte	89426
leur	lors	89538
suite	suivante	89542
heavy	Black	89683
Death	Black	89699
Death	Black	89705
heavy	Black	89711
heavy	Black	89716
al	coll	90181
al	coll	90182
al	coll	90183
quota	quorum	90493
Grasse	Grâce	91008
it	fi	91387
ès	en	91658
te	et	91827
eut	reçu	92018
amsi	mais	92044
sité	citer	92089
Blouse	Blues	92424
qhhhui	qui	92952
Turques	Turcs	93297
la	du	93518
els	se	93530
adorait	adore	93549
kaj	et	93640
arrondie	ronde	93738
te	texte	93754
d	dans	93762
com	net	94085
sales	uses	94388
de	sa	94475
femmes	sexes	94633
mourrut	meurt	94827
est	date	94957
que	car	95395
en	avec	95468
canaane	cananéenne	95943
Cela	Ça	95983
lgedsa	la	96275
El	Le	96581
levain	pain	96740
nuit	nuisent	97355
j	jour	98010
of	de	98117
he	il	98118
Breslau	Berlin	98119
circa	vers	98341
Jade	Jaques	98495
assiéra	assit	98689
etant	est	99342
move	place	99400
fa	en	99456
info	ca	99604
and	et	99624
adore	aime	99637
al	la	99796
La	une	100046
See	Voir	100062
ils	bien	100223
Saladin	vagin	100238
volume	comme	100414
douzes	deux	100534
celle	ce	101258
ais	est	101511
Galérius	Galère	101638
grèque	grec	101672
grèque	grec	101683
ja	et	101875
leslip	le	101931
ai	aient	102414
von	selon	102619
alias	dits	102639
Squaresoft	Square	103386
en	du	103418
and	et	103436
vers	avec	104032
borne	broche	104304
and	et	104451
Padoue	Pavie	104540
fera	fit	104541
courant	cours	104776
la	se	105097
and	et	105192
créé	créent	105277
suit	suivent	105406
Thijkljerry	Thierry	105422
Komeh	Konya	105600
en	sans	105622
on	se	105713
le	y	105779
Gros	Grand	105780
vient	venant	106201
son	du	106323
von	de	106540
fois	choix	107040
souci	soin	107123
mit	mirent	107173
and	et	107284
and	et	107298
héros	héroïnes	107569
boeuf	Bœuf	107709
tram	tramway	108232
temps	tend	108337
tra	traces	108382
Au	Haut	108402
meur	mourut	108716
meur	mourut	108718
cela	elle	108992
oiseaus	océans	109813
laïques	laïcs	110160
faire	voir	110280
vile	pure	110460
avec	avant	110842
putte	gamme	112070
Dames	femmes	112250
air	ère	112665
En	la	112715
Fçais	Français	112764
Lebanon	Liban	112828
to	à	113014
bodies	body	113175
Grèceggg	Grèce	113248
coupelle	coupe	113273
elle	Arles	113369
vers	dès	113415
à	dès	113472
boite	liste	113739
boite	liste	113740
Dès	En	113816
Ici	Issu	114226
Borne	Rome	114239
biere	sert	114249
mènera	mena	114296
monné	nommé	114433
and	et	114943
and	et	114974
surviva	survécut	115191
Un	Est	115238
The	Un	115403
index	indice	115627
aura	eut	115643
fille	filleule	115743
donnant	donne	116241
khâlot	calot	116324
né	fondé	116562
The	la	116616
Yhurles	Jules	116818
Pô	Peau	117363
keu	queues	117510
Cômesta	Côme	117546
and	et	117668
dû	au	117716
fr	pl	117899
jpgImage	Image	117971
Habil	Abel	117983
mégagatro	métro	118361
romanique	roman	118821
et	du	118902
Ces	Leurs	119016
comm	commencé	119039
and	et	119602
Muti	Rome	120045
Komarek	Rome	120046
restant	reste	120307
utiné	unités	120369
car	et	120514
elle	Anne	120551
tel	telles	120874
vient	venant	120929
mixte	mêle	120935
tôlcca	tôle	121363
and	et	121469
by	par	121495
fielding	bowling	121828
saint	sacré	121917
est	sait	122048
doté	décoré	122237
tirant	tirer	122397
Muhammed	Mahomet	122896
Rodéric	Rodrigue	123134
Roderic	Rodrigue	123139
Est	ouest	123183
athéiste	athée	123455
athéiste	athée	123456
Qabil	Caïn	123491
Qabil	Caïn	123492
En	Dans	123545
En	Dans	123546
identi	identiques	123712
tel	telles	123872
Hors	Or	123927
rêvait	rêve	124100
circa	vers	124121
and	et	124305
Moshé	Moïse	124390
sur	a	124415
Peter	Pierre	124453
invade	envahit	124596
te	et	124620
Thébé	Thèbes	124728
The	les	124937
etait	est	125049
pris	reprise	125156
venir	survenir	125158
Dunkirk	Dunkerque	125230
donne	confie	125290
perduent	perdu	125397
and	et	125456
and	et	125463
mmmqubit	qubit	125467
ulema	oulémas	125484
inclu	incluent	125518
Mohamad	Mahomet	125563
pdf	fr	126198
august	août	126459
at	à	126595
Austria	Autriche	126601
mûrs	verts	127206
belle	verte	127332
Norman	Norbert	127481
Norman	Norbert	127483
and	et	127575
rouge	jaune	127929
dise	dît	128112
de	in	128153
voulue	jouée	128270
Opere	opéras	128348
Un	des	128406
tete	vue	128689
mille	milliers	129230
feront	fera	129431
ptydjar	par	129602
avec	avant	129732
réél	réelle	129957
vaut	valent	129970
Francea	Frank	130111
and	et	130125
and	et	130148
courait	coure	130303
fut	suis	130586
arabe	arabique	130656
chiistestme	chiisme	130673
and	et	130708
John	Jordan	131001
lieu	lui	131024
and	et	131170
and	et	131607
and	et	131910
bytes	octets	131911
bytes	octets	131912
est	aient	132075
sculpteuse	suceuse	132161
admis	permis	132407
lèvera	leva	132427
and	et	132448
vonddft	vont	132477
sis	situé	132862
Giro	Tour	132994
né	vécu	133029
aqua	aquarium	133461
La	en	133485
si	do	133500
august	août	133967
feuj	juif	134044
actions	actes	134266
elle	ce	134358
au	ont	134442
héros	roi	134648
niées	omises	134704
and	et	135085
En	De	135422
grkk	grecs	135431
avec	avait	135556
nd	e	135680
Vers	Après	135694
al	la	135908
und	et	135991
pour	que	136028
seras	se	136272
cet	un	136317
Ste	Sainte	136586
et	sont	136674
Ezra	Esdras	136730
forcsexee	force	136787
hérauts	héros	136857
Ste	Sainte	136895
Ste	Sainte	136896
Sce	Source	137132
Bolzà	Bolzano	137173
localier	local	137213
poopthéâtre	théâtre	137248
etait	est	137666
avait	tenait	137787
étendait	étend	137820
koiul	dieu	137910
puîné	ainé	138184
faire	fer	138533
est	vers	138612
peu	mal	138909
venait	vient	139122
villasa	ville	139180
est	font	139513
lors	par	139829
pubiques	publics	140636
somè	sommet	140782
kilo	kg	140811
leixu	lieux	140915
tel	telles	141288
long	large	141343
liiia	la	141363
il	Juin	141409
Elle	Ils	141572
balnac	blanc	141589
viejjjj	vie	141594
of	de	141612
viva	vécut	141626
rails	voies	141751
soit	fût	141864
veulent	veut	142013
Aztecs	Aztèques	142259
aient	eurent	142747
of	de	142797
subirait	subit	142810
Lorsque	Lors	142839
the	la	142907
avec	que	144304
and	et	144518
pierre	merde	144823
est	de	145535
Nole	caca	145567
ès	en	146043
route	voie	146290
Les	Deux	147118
série	suite	147126
ou	outre	147247
img	en	147380
met	mettra	147548
Après	Dès	147563
Guppies	Guppy	147732
Damas	Amman	147886
il	un	148341
Cv	ch	148654
Herman	Herbert	148676
Audi	Elle	148788
with	avec	148844
with	avec	148845
with	avec	148846
with	avec	148847
uneallo	une	149140
basé	sise	149142
une	aucune	149583
of	de	149941
and	et	150524
ci	suit	150691
and	et	150971
se	ceux	151381
Spalato	Split	151797
Mehmet	Mohammed	151849
féria	fêtes	152401
Boeuf	bœuf	152416
and	et	152569
aient	eurent	152583
Butt	Love	152774
Joe	Joseph	153030
kilo	kg	153676
and	et	153751
tel	telles	154044
boat	bateau	154077
ces	leurs	154696
kim	les	154761
débuavant	avant	155020
mature	mûre	155069
zu	de	155193
Du	Le	155699
haut	hauteur	155881
formant	forme	156044
of	de	156318
of	de	156319
of	de	156348
nd	e	156715
nd	e	156716
Merine	Mari	156901
bref	brèves	157381
ça	cela	157433
juli	juillet	157454
at	légat	157527
prétera	prête	157547
Great	Grand	157589
Susan	Suzanne	157798
goths	wisigoths	157981
Cinq	Six	158602
Onze	Douze	158607
saerton	son	158676
mégalo	mégalomane	158906
coeur	Cœur	159033
Alain	Jean	159158
aller	allait	159370
fera	fit	159374
atria	atriums	159475
objet	objectif	159660
wing	Orion	160077
mature	mûre	160167
sité	citer	160351
adie	Maladie	160394
car	et	161762
and	et	161855
étendait	étend	162006
ghfdLa	La	162017
puis	peux	162381
sous	au	162599
of	de	162628
of	de	162635
males	femelles	162740
manufacteur	facteur	162810
caduque	caduc	163261
caduque	caduc	163274
closée	fermée	163292
closées	fermées	163304
closée	fermée	163305
of	de	163347
Tsuki	lune	163603
étant	valant	164193
and	et	164330
russe	rouge	164550
menait	menée	164578
join	rejoint	165232
tendent	tend	165287
von	de	165293
confisage	confit	165662
and	et	165772
and	et	165783
janv	janvier	166316
Aulë	Il	166347
João	Jean	166906
João	Jean	166910
Pédro	Pierre	166928
sapin	Pin	167314
aient	eurent	167537
Venedig	Venise	167775
cloturé	clos	167970
ça	cela	168318
and	et	168683
Ste	Sainte	168690
foie	rein	168914
passant	passe	169043
En	Dans	169134
titration	titrage	169267
oxyde	monoxyde	169268
ont	ayant	169403
ed	de	169693
phone	son	169857
and	et	170157
Norway	Norvège	170221
étant	jouant	170264
prête	près	170529
ecnoe	encore	170648
frere	père	170824
côte	rive	170982
Incas	Mayas	171015
and	et	171211
Muhamad	Mahomet	171312
Av	Avenue	171612
Pl	Place	171613
plus	plutôt	171652
non	mal	172012
prout	punk	172016
ça	cela	173034
chères	cher	173061
supra	infra	173254
gayla	la	173896
choque	choc	174055
cacth	catcher	174113
batte	bâton	174118
bases	buts	174133
sent	sentira	174909
Qaund	Quant	175268
punk	pop	175399
rock	punk	175400
and	et	175443
Magneaime	Magne	175602
cédé	cessé	175647
Po	Bai	176113
Gene	Jean	176170
Berne	Bâle	176234
en	selon	176681
Gen	Genèse	176694
salé	salant	176755
bénie	élue	176920
com	fr	177383
sur	sûres	177393
non	sur	177695
avoir	pouvoir	177737
été	être	177738
and	et	177835
Burma	Birmanie	177863
En	Elle	178081
elle	les	178520
tatoo	tatouage	178576
tatoo	tatouage	178578
Hawaï	Haïti	178585
queur	cœur	178770
hjkudétroit	détroit	178998
anusle	le	179697
est	aient	179925
elle	Il	180124
réfusion	refus	180202
ième	e	180627
ième	e	180628
ième	e	180629
nième	ne	180630
grand	gros	180762
Henrique	Henri	181414
Count	Comte	181522
and	et	181523
and	et	181588
and	et	181602
son	du	181694
garçon	gamin	182254
ou	car	182261
a	fut	182370
media	Médias	182589
Ludwig	Louis	182803
Ludwig	Louis	182806
and	et	183196
and	et	183202
and	et	183203
Genoa	Gênes	183533
pdf	fr	183791
Il	Un	184006
Rabarbra	Barbara	184212
and	et	184466
and	et	184641
tient	tiennent	184838
tonic	tonique	184990
Jamaica	Jamaïque	185135
rome	romain	185520
tue	tuait	185553
Ghent	Gand	185598
sté	société	185839
and	et	186521
and	et	186524
Sachsen	Saxe	186539
Bayern	Bavière	186707
on	au	187016
bati	bâties	187250
solo	seule	187832
and	et	188256
cacaformat	format	188333
Née	Créée	188365
celle	le	188875
sitè	situés	188893
Ericacæ	Éricacées	188976
nom	long	189042
cam	caméra	189711
sout	souvent	189810
estas	havas	189857
aura	auront	189899
perso	personnel	189954
eatit	était	190003
érete	arrête	190416
Dans	Durant	190833
ou	soit	190902
morte	Noire	191101
noire	nazie	191360
creer	créé	191969
aura	eut	192189
za	tout	192996
noeux	nœud	193047
Rennes	reine	193214
Jeannot	Jean	193551
Jeannot	Jean	193552
far	phare	193569
fera	fit	193602
édités	tirés	193707
plus	prêt	194003
avec	aux	194077
and	et	194210
Conte	Chant	194273
fuckbesoins	besoins	194348
vior	voire	195072
chats	chiens	195081
and	et	195203
and	et	195204
and	et	195206
el	le	195933
Denis	Louis	196174
sons	notes	196181
sons	notes	196182
sons	notes	196183
sons	notes	196186
sons	notes	196189
sterl	sterling	196324
formait	formé	197554
tel	telles	197984
ans	année	198337
and	et	198491
gros	grands	198521
roune	basse	199033
cassissier	cassis	199261
cassissier	cassis	199262
Aaaaaprès	Après	199438
and	et	199528
ffgni	ni	199696
putryar	par	199700
côtéuru	côté	199701
lesygjg	les	199715
Foration	Forage	199779
resitue	replace	199855
reçu	reçoit	199884
Doctoras	Docteur	199980
and	et	200059
v	vers	200064
farsi	persan	200159
and	et	200229
Hors	Or	200400
i	et	200841
and	et	201081
jour	journée	201179
Ismaël	Isaac	201228
aéro	aéroport	201725
ce	celui	202199
Si	Seul	202521
oà	mais	202891
tard	bas	203826
index	indice	203829
meneront	mènera	204309
pnis	tennis	204774
el	le	205139
coulait	coulé	205403
at	à	205600
and	et	205756
and	et	205783
and	et	205785
fut	sort	205913
fuckGeorge	George	205942
noeuds	nœud	206207
el	le	206360
and	et	206384
pt	fr	206411
suit	suivent	206532
of	love	206731
and	et	206906
et	elle	206963
com	fr	207110
and	et	207634
apparu	parut	207840
and	et	207889
venus	issus	208038
ès	en	208487
ès	de	208535
ès	en	208556
sera	seront	208634
Death	Black	208676
Chad	il	208879
and	et	209099
pdf	fr	209375
feront	fera	209390
était	soit	209800
colonistes	colons	209805
agit	agisse	210141
suivi	suivant	210468
tram	tramway	210735
from	de	211133
Galérius	Galère	211354
of	de	211373
ou	soit	211794
resitué	exilé	212256
and	et	212334
prem	premiers	212685
cinq	dix	212801
of	de	213051
Vient	Viennent	213175
dédicacé	dédié	214690
Bejaia	Bougie	214781
with	avec	215646
promouvoit	promeut	216137
promouvoit	promeut	216150
el	le	216234
and	et	216275
dont	ou	216977
sera	restera	217502
minute	min	217618
minute	min	217619
surnommé	nommé	217891
vit	vivait	218165
Vient	Viennent	218604
pauves	riches	218733
Ce	Leur	218740
Alibaba	Ali	218762
Laetticia	Lætitia	218977
Suisse	Suède	219082
font	firent	219138
Venedig	Venise	219172
farsi	persan	219330
aient	eurent	219431
Cr	Ni	219598
Cr	Ni	219599
menait	mené	220187
etait	est	220260
Hugo	Luis	220344
Francis	Frank	220423
Hungary	Hongrie	220617
ça	cela	220756
donne	donnait	220774
celà	ça	220835
Pise	Sienne	221005
voces	voix	221081
ieme	e	221165
Dan	Daniel	221415
compter	citer	221537
and	et	221541
né	dit	221646
pafauxr	par	221802
ou	soit	221875
en	avec	221916
Ludwig	Louis	222727
ça	cela	222905
ce	sur	223133
Hors	Or	223179
donc	soit	223331
of	de	223903
et	elle	224491
noter	voir	224558
Cet	Leur	224637
brun	Brown	224638
Big	Fat	224662
Big	Fat	224663
clôture	clôt	224992
vous	vouent	225040
plus	plutôt	225191
oder	ou	225247
turque	kurde	225570
Bègue	Belge	225767
suren	en	225922
vécu	vit	226392
sons	notes	226428
and	et	226554
bloques	blocs	226677
bloques	blocs	226678
bloques	blocs	226679
aura	eut	226984
and	et	227383
by	de	227551
Cliff	Il	227589
Burana	Carmina	228087
son	soient	228210
World	Monde	228213
Ralph	Polo	228590
avec	avoir	228714
sdft	et	228719
finir	fournir	228837
stands	étals	229298
fera	fit	229422
Basista	Bas	229590
Tandis	Tant	229619
Achim	Joachim	229864
and	et	230151
reédité	réédition	230253
and	et	230489
prend	pris	230770
pour	du	230915
volumes	tomes	231291
farsi	persan	231934
to	vers	231960
to	vers	231961
to	vers	231962
to	vers	231963
to	vers	231964
to	vers	231965
to	vers	231966
to	vers	231967
to	vers	231968
relié	reliait	232553
leftLes	Les	232599
vées	variées	232611
viendra	vient	232909
sons	notes	233671
tient	tenant	233988
with	avec	234135
de	son	234485
and	et	234792
Réélu	Élu	234950
receva	reçu	235451
fora	forums	235462
ai	aient	235507
and	et	235695
nom	nombre	235896
fera	fit	236016
and	et	236247
By	par	236303
vends	vendent	236484
Peter	Paul	236596
créés	créent	236725
Glélé	Il	236773
mondejjjj	monde	236917
étaint	sont	236964
Mick	Michael	238007
Mick	Michael	238042
Brive	France	238053
Mick	Michael	238077
écratant	battant	238159
ont	jouent	238437
Rodéric	Rodrigue	238779
tel	telles	238843
indou	indien	238873
un	la	238915
h	home	238919
numero	no	239114
von	selon	239313
von	selon	239318
casse	brise	239467
de	aux	239505
Merkel	elle	239589
fasces	faisceaux	240469
fasces	faisceaux	240470
leftLa	La	240517
à	le	240545
and	et	240663
y	est	240853
tel	telles	241841
vynil	vinyle	241902
Rènne	Roi	242270
cinq	dix	242274
son	est	242506
kmtres	km	243186
Ludi	Jeux	243230
Trajane	butane	243627
Ezra	Esdras	243712
y	lui	244107
Orkney	Orcades	244186
terre	tête	244348
nègres	noirs	244350
vaut	valait	244518
vaut	valait	244519
vaut	valait	244521
mon	ce	245048
Klaus	Lucas	245092
fait	écrit	245429
prenait	prend	245736
femmes	dames	245812
and	et	245991
Agnes	Anna	246004
aillant	ayant	246491
and	et	246564
Picsou	Platon	246641
and	et	246744
al	la	247564
acide	triacide	247664
cree	Cris	247699
and	et	247846
lui	lieux	248263
dance	jazz	248548
par	sans	248607
ledit	le	248930
comme	contre	249266
aka	alias	249495
and	et	249515
tel	telles	249996
aide	autre	250065
Rabarbra	Barbara	250386
Etat	île	250882
ça	cela	251408
par	un	251428
bruisse	bruit	251545
des	neuf	251949
Imca	il	252081
foetale	fœtal	252170
level	niveau	252198
and	et	252373
Rock	Punk	252597
and	et	252758
Mt	mont	252783
à	des	252886
née	nait	253012
at	à	253501
pôle	parc	253699
aurait	était	253976
portant	porte	253986
où	si	254605
mtrtrariée	mariée	255335
vers	sous	255625
raser	rasait	255740
iench	chiens	255877
Adolf	Adolphe	255893
Dassler	Hitler	256110
etant	sont	256286
Boule	Pouf	256418
Arkis	harki	256577
entre	entendre	256723
and	et	256772
al	la	257673
ou	soit	257697
coûté	côte	258062
Hors	Or	258268
and	et	258450
qua	quatre	258488
désevie	desservi	258764
irlande	Prague	259079
vendait	vend	259089
com	net	259330
servant	sert	259720
et	elle	259999
Spain	Espagne	260034
Norway	Norvège	260035
Sweden	Suède	260037
gise	gît	260262
dans	durant	260407
Hé	Eh	260600
li	il	260787
france	française	260970
paraît	paru	261220
est	de	261302
brefbref	bref	261364
to	et	261748
oeuvres	œuvre	261819
nouvo	nouveaux	261856
basic	basique	262068
of	de	262126
sortent	sort	262231
cores	cœurs	262520
cores	cœur	262521
à	ont	262674
pour	car	262839
ces	cette	262980
The	Les	263104
aalà	à	263506
femmes	dames	263689
Anne	Annette	263736
croire	voir	264568
and	et	264645
etait	est	264760
Marie	Laure	264834
in	et	265076
chanson	chant	265212
à	où	265424
etait	étaient	265511
lettonienne	lettone	265545
porté	portait	265716
and	et	265885
v	voté	265896
and	et	266034
und	et	266673
tel	telles	266938
and	et	267160
matins	midis	267162
ou	soit	267316
paussé	posée	267821
and	et	268013
and	et	268289
and	et	268431
and	et	268531
formant	forme	268624
Vial	Bon	268699
en	dés	268858
oeuil	œil	268876
de	Dé	268977
and	et	269035
and	et	269132
email	Mél	269200
Crips	graines	269308
pincéescaca	pincées	269338
sont	ses	269372
zero	six	269434
par	aux	269464
no	Nô	269810
South	Sud	269834
Est	ouest	269904
of	de	269984
Rascie	Serbie	270042
and	et	270198
and	et	270199
du	par	270280
vit	vivait	270368
Sieè	siège	270550
bas	hauts	270939
Other	Autres	271360
Other	Autres	271361
Other	Autres	271364
Emo	rock	271384
Emo	rock	271388
relie	reliait	271482
the	la	271579
apporta	porte	271601
and	et	271756
Arthur	Art	271821
chair	chère	271955
and	et	271986
and	et	272029
January	Janvier	272065
rouge	noire	272137
and	et	272602
laïques	laïcs	272707
orks	Orques	273358
orges	Ogres	273360
nu	seul	273852
Cxxxent	Cent	274247
scène	salle	274833
visait	vise	274880
à	as	275105
chgj	c	275112
dajgjns	dans	275113
pas	peut	275141
Etudes	écoles	275873
Et	Il	276850
iron	bar	276908
lhôtel	le	277337
tel	telles	277363
tel	telles	277364
jour	mois	277556
mourru	meurt	277729
game	match	277888
acmé	apnée	278109
désservi	servi	278252
ou	soit	278404
Nagi	elle	278588
sauve	trouve	278613
ès	en	278798
ou	dit	278823
funel	julien	278847
death	black	279145
prient	pris	279482
temps	tente	279703
dansdans	dans	279714
and	et	279801
dfsde	de	280088
offrira	offre	280118
and	et	280747
ce	il	281225
avec	que	281294
jours	heures	281328
votes	voix	281890
leftLe	Le	282385
Benedikt	Benoît	282419
and	et	282425
Nizza	Nice	282511
classes	clans	282606
to	à	282703
cuts	scènes	282938
mots	maux	283032
choques	chocs	283228
Ludwig	Louis	283400
battit	bat	283406
emonc	enfonce	283436
Landdans	Land	283496
été	être	283709
to	à	283752
Hors	Or	284089
The	Les	284318
of	de	284828
Death	black	284954
èa	à	284966
tel	telles	285217
Mainz	Mayence	285586
Ossip	Joseph	285666
jours	journées	286563
lanatum	maximum	286631
roi	reine	286724
en	dés	286843
aiogiles	ailes	287307
geon	gestion	287556
sur	une	287795
by	par	288068
orcs	Orques	288373
ès	en	288588
De	Un	288663
Oiron	Brie	288831
Suisse	Suède	289022
au	les	289298
talon	tendon	289583
ramolir	ameublir	289619
Sean	Jack	289818
mi	en	290333
tel	telles	291026
Max	Jean	291049
filo	pâte	291057
menait	menée	291254
sort	vit	291422
and	et	291612
In	dans	291970
and	et	292094
vainct	bat	292752
bulldog	bouledogue	292799
comarca	contrée	292851
Hebdo	News	293055
Hebdo	News	293056
au	ont	293071
taï	taille	293214
Joseph	José	293288
Aël	Ange	293461
with	avec	293598
Ste	Sainte	293927
and	et	294223
cas	cadre	294446
coutât	coûta	294768
colle	collant	294977
sé	c	295414
Est	Elle	295486
and	et	295503
font	firent	295725
if	si	295733
if	si	295734
grace	suite	295753
and	et	295824
Et	Or	295874
prend	prenant	295875
pop	rock	295948
tôme	opus	296222
and	et	296430
and	et	296569
aka	alias	296634
cachés	codés	296658
Bacco	Bacchus	296660
bloque	bloc	297314
cache	cachait	297433
Ste	Sainte	297484
kanaque	kanak	297556
and	et	297668
ou	soit	297757
Zeta	Dzêta	297771
Ou	où	297911
and	et	297949
Kashmir	Cachemire	297959
vivra	survivra	298004
January	Janvier	298524
angina	angor	298684
dû	pu	298755
ès	en	298889
Turques	Turcs	298993
Toulonnais	Toulon	299064
créé	joué	299223
suiv	suivante	299486
Aryan	ira	300258
Albin	Armand	300548
venait	vient	300617
tube	titre	300719
odes	vers	300827
Gabe	Gabriel	301079
Emile	il	301406
abbaye	abbé	301526
and	et	301829
ce	il	301839
abattit	abat	301914
extreme	extrémité	302656
Hors	Or	302755
The	La	302912
fera	fit	303182
soi	eux	303253
annoncement	annonce	303317
Suivra	Suit	303563
God	Dieu	303701
droit	soi	304133
basait	basé	304369
by	par	304446
jetter	jeté	304498
la	Une	304572
arbuste	arbre	304592
cache	cachait	304597
sera	seront	304600
date	datant	304709
Mais	Même	304940
pdf	fr	304987
Dès	En	305049
te	et	305328
pd	aux	305417
agitest	est	305523
and	et	305811
vit	vivait	306197
André	Anne	306394
desormé	désormais	306410
jouet	jeu	306418
tardait	tarde	306490
Wilna	Vilnius	306503
dynamic	dynamiques	306882
Wilna	Vilnius	307152
aux	ses	307197
virent	vit	307510
la	elle	307578
etait	sont	307753
est	une	307785
est	une	307787
sis	situé	307970
and	et	308012
Parisiis	Paris	308266
Sant	Santiago	308276
Sant	Santiago	308278
von	de	308279
und	et	308280
und	et	308281
und	et	308282
plosive	occlusive	308329
Akon	il	308359
Fuck	Love	308371
juil	juillet	308476
on	sur	308700
on	sur	308701
and	et	308739
with	avec	308967
fera	fit	309277
com	fr	309314
clés	fils	309325
Venetiis	Venise	309557
Jimy	Johnny	309628
separée	scindée	309654
bugs	bogues	309715
bug	bogues	309719
la	ci	309787
of	de	310109
de	aux	310532
Genova	Gênes	311179
of	de	311184
of	de	311185
of	de	311186
and	et	311425
Ste	sainte	311497
anime	animait	311631
Kyril	Cyrille	311681
leftLe	Le	312191
Eve	Bob	312661
font	firent	312670
Slim	Il	312741
vite	tôt	313286
Sept	Huit	313344
faune	flore	313462
au	est	313528
bugs	bogues	313542
bulldog	bouledogue	313632
héhé	fait	313784
Jones	John	313924
est	va	314069
gueulé	hurlé	314090
eurent	eut	314319
oeuil	œil	314517
and	et	314747
and	et	314806
Ste	sainte	314953
sombre	noire	314972
feat	avec	315362
feat	avec	315363
acceuil	accueille	315642
and	et	315714
Crade	Garde	315784
endéans	dans	315888
prouve	pue	316031
légend	légendaire	316356
Ally	Dany	316453
air	ère	316692
leftLa	La	317502
real	club	317638
ça	cela	317902
and	et	318033
longeant	longe	318114
of	du	318351
Henri	René	318373
saint	sacré	318614
oeils	œil	319365
felation	fission	319630
lançée	testée	319652
lEast	le	319705
Basel	Bâle	319799
Will	William	320222
note	notait	320244
ou	dit	320276
Cà	Ça	320324
aller	allait	320406
tombait	tombe	320437
dhjkes	des	321037
Il	Le	321425
quilide	liquide	321636
avion	aviation	321722
de	dites	322116
étale	étend	322316
at	à	322334
solo	duo	322648
Alexi	Il	322763
loups	lions	322780
et	sont	322793
July	Juillet	322972
coche	case	323063
and	et	323314
te	et	323490
vage	délavage	323518
Bank	Banque	323921
jingle	sonal	324000
alloComme	Comme	324454
and	et	324717
halte	gare	324864
Musik	Musique	325077
Benji	Benjamin	325084
été	fut	325730
ès	en	325833
God	Dieu	326303
truth	Vérité	326306
Heer	le	326563
and	et	326581
acceuil	accueille	326877
acceuil	accueille	326878
moin	plus	327070
zh	pl	327247
voie	rue	327349
and	et	327376
He	Il	327539
and	et	327767
biteaprès	après	327803
Heinrich	Henri	327821
puis	puisque	327846
farsi	persan	327941
sv	nl	328250
Odissey	odyssée	328364
perduré	duré	328443
font	firent	329537
Jeremiah	Jérémie	330064
En	De	330205
pubique	public	330283
Ce	Elle	330299
days	jours	330323
Kouei	Gui	330992
Ajoute	Note	331324
and	et	331352
Mourrir	Meurs	331358
by	par	331437
née	nait	331764
et	ce	331798
reals	réaux	331865
d	un	332295
el	le	332359
maps	cartes	332545
Franz	Fernand	332710
Orcs	Orques	333278
Orcs	Orques	333279
visait	vise	333357
Caz	Flash	334251
poneys	ânes	334285
durant	durée	334336
exilant	exile	334360
and	et	334533
promouvoit	promeut	334598
rz	et	334606
lui	se	334873
Tiram	Tiramisu	335094
pagepage	page	335172
défaut	dépôt	335817
Avoie	Alix	335912
tel	telles	335977
Jean	Léon	337094
Snape	Rogue	337198
Snape	Rogue	337199
Snape	Rogue	337200
Snape	Rogue	337201
Snape	Rogue	337202
and	et	337802
été	être	337806
Toulon	Tours	338035
Il	Le	338206
avec	avant	338409
Dans	Durant	339081
aller	passer	339276
and	et	339347
searit	seras	339686
Russian	Russe	339924
la	ce	340171
ar	arabe	340177
ar	arabe	340179
ar	arabe	340181
ar	arabe	340182
telsguè	tels	340730
restait	reste	340942
Andrew	Andy	341222
Amadé	Amadeus	341517
leftLe	Le	341951
and	et	341980
coeur	Cœur	342124
côtées	coté	342172
Galerius	Galère	342380
and	à	342394
ou	dit	342621
voyez	voir	342712
and	et	342786
farsi	persan	342919
firent	fin	343120
le	Vil	343548
vient	venant	343927
Aliceadsl	Alice	343992
Ernie	Ernest	344019
orient	ouest	344202
Soft	Software	344232
Le	es	344393
Svabi	Souabes	344734
Damascus	Damas	345492
abîmait	abîme	345548
dit	écrit	346092
and	et	346189
com	fr	346234
finissa	finit	346265
agosto	août	346314
and	et	346373
en	dont	346401
and	et	346600
idées	idéaux	346966
route	voie	347440
douiu	du	347615
ès	en	347721
tel	telles	347931
juste	pure	348041
justes	pues	348042
justes	pures	348043
Sanchez	Manuel	348169
faira	fit	348518
nom	prénom	348541
champs	chant	349516
du	par	349773
and	et	350472
and	et	350485
Amadé	Amadeus	350950
avec	avant	351135
a	un	351216
of	de	351510
The	La	351519
The	La	351520
pris	prends	351528
fait	a	351613
grecs	grecque	351749
war	était	351781
Dans	Durant	351802
nccbloc	bloc	352079
Sahara	Sahel	352186
es	fr	352408
Tom	Thomas	352798
to	à	353107
fera	fit	353811
aura	eut	353812
ces	un	353916
com	fr	354034
listait	liste	354036
and	et	354104
né	créé	354160
and	et	355262
and	et	355405
son	cet	355577
Hulart	art	355641
hulart	art	355643
les	nous	355764
de	aux	355795
Magreb	Maroc	356090
cl	le	356280
leur	ses	356391
Musée	muséum	356845
devait	devez	357116
and	et	357526
March	mars	358189
av	avril	358508
style	stylisme	358609
nd	e	358620
nd	e	358621
nd	e	358622
and	et	358767
com	fr	358824
écran	écart	359236
Hors	Or	359342
Chris	Claire	359492
ca	fr	359536
Mainz	Mayence	359560
César	Césarisé	359664
no	on	359990
mai	Mars	360099
forcit	força	360254
prusse	prussienne	360301
part	partira	360318
Zadig	Candide	360635
usagessss	usage	360892
boat	bateau	361065
of	de	361176
donne	donnait	361348
petwwwit	petit	361429
and	et	361552
und	et	361638
ou	dit	361652
al	la	361717
sied	siège	361854
voler	volant	362009
zippo	slip	362111
sixieme	huitième	362204
pd	père	362431
and	et	362659
venant	venus	362712
com	fr	363183
com	fr	363184
and	et	363715
Ada	Elle	363842
and	et	363990
and	et	363991
Jean	Léon	364099
palies	pâli	364118
and	et	364136
and	et	364137
accru	accroît	364218
merr	Maure	364261
and	et	364289
de	van	364808
presionner	presser	365221
Heraclès	Hercule	365705
Askel	Il	365740
qui	quitte	365803
Comte	vicomte	366318
The	les	366680
style	stylisme	366944
Biban	Vivant	367010
Biban	vivant	367020
left	center	367302
left	center	367303
left	center	367304
site	style	368107
Jeaume	Jean	368269
and	et	368444
rend	est	368712
Ma	Il	368741
Ma	il	368743
and	et	368762
El	le	368833
est	aient	368855
Squaresoft	Square	369869
voidness	vide	370216
rando	randonnée	371102
etron	être	372254
tenna	tint	372332
valut	valurent	372621
oeuil	œil	372793
oeuvre	œuvrent	372869
disc	disque	373074
aurte	autres	373333
daté	datait	374256
ar	es	374420
mets	plats	374633
and	et	374918
and	et	375186
cet	un	375409
avaient	ayant	375614
simple	seule	375897
el	le	375966
avec	avant	376007
Du	de	376166
Aleeva	Aviva	376340
azmois	mais	376452
with	avec	376497
with	avec	376498
with	avec	376499
with	avec	376500
with	avec	376501
naître	nait	376565
fera	fit	376715
and	et	376846
aux	aussi	377037
amenés	venus	377600
si	aussi	377906
Lesgfj	Les	378156
Téléjournal	journal	378446
Duis	Déduit	378493
bolos	amis	378861
Maire	Marius	378885
jollies	jokers	379004
Il	Le	379213
and	et	380080
Basel	Bâle	380133
sera	seront	380840
la	se	381079
au	la	381370
with	avec	381481
Tout	Très	381782
Re	ré	382226
ed	de	382245
and	et	382274
Peter	Pierre	382652
Ndlr	Note	382874
Ndlr	Note	382875
Ndlr	Note	382876
Ndlr	Note	382877
Ndlr	Note	382878
ed	de	383274
texte	et	383364
laïques	laïcs	383500
visait	vise	383563
and	et	383668
gai	guet	383791
champs	chant	383810
Soit	Pour	384269
and	et	384280
en	du	384303
Mle	Modèle	384510
with	avec	384657
with	avec	384658
mythe	mythique	385067
portait	porte	385589
Carl	Charles	385936
ce	leur	386763
solderat	solde	386788
venait	vient	387197
limitéCara	limité	387753
mon	le	388443
leftJacques	Jacques	388714
acquit	avait	388862
with	avec	389081
el	le	389202
Squaresoft	Square	389353
pour	que	389851
by	par	390420
Saya	Diva	390513
January	Janvier	390766
ils	ce	391026
près	par	391329
and	et	391524
Weiss	Vice	391595
baron	baronnet	391649
Novamag	Nova	393035
nous	leur	393048
soit	fût	393334
dans	durant	393354
gelé	figé	393414
of	de	393989
and	et	394614
and	et	394757
duchéfut	duché	394766
coeur	Cœur	394966
Wilna	Vilnius	395180
München	Munich	395458
ça	cela	395778
ed	de	396034
and	et	396588
due	doit	396639
Hertz	Hz	396897
and	et	397034
conf	confuse	397232
ratait	rate	397364
parle	parlait	397586
la	dit	397802
édits	lois	397832
von	de	397876
avec	avait	398024
surviva	survécut	398047
and	et	398245
En	Dans	398301
avant	afin	399108
chine	chinois	399206
Ghent	Gand	399261
ou	né	399533
aura	eut	399827
nous	moi	399883
leftLa	La	399974
otu	tout	400158
Yosif	Joseph	400327
Cidades	Villes	400686
metta	mis	400761
matures	mûres	400942
and	et	401185
aka	alias	401218
Oricana	Ocarina	401242
dragon	démon	401590
and	et	402347
greque	grec	402426
Wien	Vienne	402755
und	et	402895
and	et	403285
art	jeu	403359
detto	dit	403393
dans	devant	403546
June	juin	403685
of	de	403747
of	de	404029
and	et	404451
attractant	attrait	404452
???avec	avec	404547
avec	au	404790
and	et	404854
femme	dame	405054
and	et	405199
January	Janvier	405460
January	Janvier	405473
January	Janvier	405498
Jolene	Elle	405691
doit	vaut	405699
un	hein	405801
left	center	405904
and	et	406328
soit	fût	406373
boule	couille	406715
é	et	406868
coeur	centre	407009
zone	aire	407063
mais	maisons	407146
promouvoit	promeut	407349
pas	que	407765
fou	folle	408110
von	de	408173
carte	table	408244
und	et	408482
Carte	lame	408543
Pandant	Durant	408765
