before	after	comments
Antoine Meillet ( né Paul-Jules-Antoine Meillet 11 novembre 1866-21 septembre 1936 ) est le principal linguiste français des premières décennies du XXe siècle .	Antoine Meillet ( né Paul-Jules-Antoine Meillet 11 novembre 1866-21 septembre 1936 ) est le principal linguiste français des premières décennies du XX e siècle .	correction de numéraux
 A la Sorbonne , Meillet surveille le travail Milman Parry . En 1923 , un an avant que Milman Parry ne commence son travail avec Meillet , Meillet écrit ceci ( cité dans la première des deux thèses de Milman Parry , à savoir , celle qui traite de l' épithète homérique ) :	 À la Sorbonne , Meillet surveille le travail de Milman Parry . En 1923 , un an avant que Milman Parry ne commence son travail avec Meillet , Meillet écrit ceci ( cité dans la première des deux thèses de Milman Parry , à savoir , celle qui traite de l' épithète homérique ) :	ortho
Il a formé toute une génération de linguistes français , parmi lesquel Emile Benveniste , Marcel Cohen , Georges Dumézil , André Martinet , Aurélien Sauvageot , Lucien Tesnière , Joseph Vendryes .	Il a formé toute une génération de linguistes français , parmi lesquels Emile Benveniste , Marcel Cohen , Georges Dumézil , André Martinet , Aurélien Sauvageot , Lucien Tesnière , Joseph Vendryes .	nettoyage , Typos fixed : lesquel ? lesquels , AWB
L' algèbre linéaire moderne a été étendu pour considérer les espaces de dimension arbitraire ou infini . Un espace vectoriel de dimension n est appellé un n- espace . La plupart des résultats obtenus dans les 2-espaces et 3-espaces peuvent être étendus aux espaces de dimensions supérieures . Bien que beaucoup de personnes ne peuvent appréhender correctement un vecteur dans un n- espace ils sont utiles pour représenter des données . Les vecteurs étant des listes ordonnées à n composants , la plupart des personnes peuvent manipuler des données efficacement dans cet environnement . Par exemple en économie on peut crééer et utiliser des vecteurs à 8 dimensions pour représenter le produit national brut de huit pays . On peut alors décider le PNB des 8 pays à une date donnée ou l' ordre des pays est ordoné .	L' algèbre linéaire moderne a été étendu pour considérer les espaces de dimension arbitraire ou infini . Un espace vectoriel de dimension n est appellé un n- espace . La plupart des résultats obtenus dans les 2-espaces et 3-espaces peuvent être étendus aux espaces de dimensions supérieures . Bien que beaucoup de personnes ne peuvent appréhender correctement un vecteur dans un n- espace ils sont utiles pour représenter des données . Les vecteurs étant des listes ordonnées à n composants , la plupart des personnes peuvent manipuler des données efficacement dans cet environnement . Par exemple en économie on peut crééer et utiliser des vecteurs à 8 dimensions pour représenter le produit national brut de huit pays . On peut alors décider le PNB des 8 pays à une date donnée ou l' ordre des pays est ordonné .	Présentation élémentaire
L' algèbre linéaire moderne a été étendu pour considérer les espaces de dimension arbitraire ou infini . Un espace vectoriel de dimension n est appellé un n- espace . La plupart des résultats obtenus dans les 2-espaces et 3-espaces peuvent être étendus aux espaces de dimensions supérieures . Bien que beaucoup de personnes ne peuvent appréhender correctement un vecteur dans un n- espace ils sont utiles pour représenter des données . Les vecteurs étant des listes ordonnées à n composants , la plupart des personnes peuvent manipuler des données efficacement dans cet environnement . Par exemple en économie on peut crééer et utiliser des vecteurs à 8 dimensions pour représenter le produit national brut de huit pays . On peut alors décider le PNB des 8 pays à une date donnée ou l' ordre des pays est ordonné .	L' algèbre linéaire moderne a été étendue pour considérer les espaces de dimension arbitraire ou infini . Un espace vectoriel de dimension n est appellé un n- espace . La plupart des résultats obtenus dans les 2-espaces et 3-espaces peuvent être étendus aux espaces de dimensions supérieures . Bien que beaucoup de personnes ne peuvent appréhender correctement un vecteur dans un n- espace ils sont utiles pour représenter des données . Les vecteurs étant des listes ordonnées à n composants , la plupart des personnes peuvent manipuler des données efficacement dans cet environnement . Par exemple en économie on peut crééer et utiliser des vecteurs à 8 dimensions pour représenter le produit national brut de huit pays . On peut alors décider le PNB des 8 pays à une date donnée ou l' ordre des pays est ordonné .	Présentation élémentaire
Un théorème intéressant à l' époque des mémoires d' ordinateurs de petite taille était qu ' on pouvait travailler séparément sur des sous-ensembles (" blocs " ) d' une matrice en les combinant ensuite par les mêmes règles qu ' on utilise pour combiner des scalaires dans le matrrices . Avec les mémoires actuelles de plusieurs Go , cette question a perdu un peu de son intérêt pratique .	Un théorème intéressant à l' époque des mémoires d' ordinateurs de petite taille était qu ' on pouvait travailler séparément sur des sous-ensembles (" blocs " ) d' une matrice en les combinant ensuite par les mêmes règles qu ' on utilise pour combiner des scalaires dans le matrices . Avec les mémoires actuelles de plusieurs Go , cette question a perdu un peu de son intérêt pratique .	Quelques théorèmes
On nomme algèbre linéaire la branche des mathématiques qui s' occupe de l' étude des vecteurs ( ensembles ordonnés de scalaires ) , des espaces vectoriels ( ou espaces linéaires ) , des transformation linéaires et des systèmes d' équation linéaires ( théorie des matrices ) .	On nomme algèbre linéaire la branche des mathématiques qui s' occupe de l' étude des vecteurs ( ensembles ordonnés de scalaires ) , des espaces vectoriels ( ou espaces linéaires ) , des transformations linéaires et des systèmes d' équation linéaires ( théorie des matrices ) .	typo + lien + modif
L' algèbre linéaire commence par l' étude de vecteurs dans les espaces cartésiens de dimension 2 et 3 . Un vecteur , ici , est une segment de droite caractérisé à la fois par sa longeur ( ou magnitude ) et sa direction . Les vecteurs peuvent alors être utilisés pour représenter certaines entités physiques comme des forces , additionnés ou multipliés par des scalaires formant ainsi le premier exemple d' un réel espace vectoriel .	L' algèbre linéaire commence par l' étude de vecteurs dans les espaces cartésiens de dimension 2 et 3 . Un vecteur , ici , est un segment de droite caractérisé à la fois par sa longeur ( ou magnitude ) et sa direction . Les vecteurs peuvent alors être utilisés pour représenter certaines entités physiques comme des forces , additionnés ou multipliés par des scalaires formant ainsi le premier exemple d' un réel espace vectoriel .	typo + lien + modif
On nomme algèbre linéaire la branche des mathématiques qui s' occupe de l' étude des vecteurs ( ensembles ordonnés de scalaires ) , des espaces vectoriels ( ou espaces linéaires ) , des transformations linéaires et des systèmes d' équation linéaires ( théorie des matrices ) .	On nomme algèbre linéaire la branche des mathématiques qui s' occupe de l' étude des vecteurs ( ensembles ordonnés de scalaires ) , des espaces vectoriels ( ou espaces linéaires ) , des transformations linéaires et des systèmes d' équations linéaires ( théorie des matrices ) .	ortho
L' histoire de l' algèbre linéaire moderne commence dans les années 1843 et 1844 . En 1843 , William Rowan Hamilton ( inventeur du terme vector ) découvre les quaternions . En 1844 , Hermann Grassmann publie un livre Die lineare Ausdehnungsleshre .	L' histoire de l' algèbre linéaire moderne commence dans les années 1843 et 1844 . En 1843 , William Rowan Hamilton ( inventeur du terme vector ) découvre les quaternions . En 1844 , Hermann Grassmann publie un livre Die lineare Ausdehnungslehre .	
Ce n' est qu ' au XIXeme siècle que l' algèbre linéaire devient une branche des mathématiques à part entière . Carl Friedrich Gauss trouve une méthode générique pour la résolution des systèmes d' équations linéaires , Marie Ennemond Camille Jordan résoud définitivement le problème de la réduction des endomorphismes . En 1843 , William Rowan Hamilton ( inventeur du terme vector ) découvre les quaternions . En 1844 , Hermann Grassmann publie un livre Die lineare Ausdehnungslehre .	Ce n' est qu ' au XIXe siècle que l' algèbre linéaire devient une branche des mathématiques à part entière . Carl Friedrich Gauss trouve une méthode générique pour la résolution des systèmes d' équations linéaires , Marie Ennemond Camille Jordan résoud définitivement le problème de la réduction des endomorphismes . En 1843 , William Rowan Hamilton ( inventeur du terme vector ) découvre les quaternions . En 1844 , Hermann Grassmann publie un livre Die lineare Ausdehnungslehre .	XXe siècle
Le début du XXeme siècle voit la naissance de la formalisation moderne des mathématiques . Les espaces vectoriels deviennent alors une structure générale omni-présente dans presques tout les domaines mathématiques .	Le début du XXe siècle voit la naissance de la formalisation moderne des mathématiques . Les espaces vectoriels deviennent alors une structure générale omni-présente dans presques tout les domaines mathématiques .	XXe siècle
On nomme Algebre lineaire la branche des mathématiques qui se penche sur l' étude des espaces vectoriels ( ou espaces linéaires ) , de leurs éléments les vecteurs , des transformations linéaires et des systèmes d' équations linéaires ( théorie des matrices ) .	On nomme Algèbre lineaire la branche des mathématiques qui se penche sur l' étude des espaces vectoriels ( ou espaces linéaires ) , de leurs éléments les vecteurs , des transformations linéaires et des systèmes d' équations linéaires ( théorie des matrices ) .	Définition
Le début du XXe siècle voit la naissance de la formalisation moderne des mathématiques . Les espaces vectoriels deviennent alors une structure générale omni-présente dans presques tout les domaines mathématiques .	Le début du XXe siècle voit la naissance de la formalisation moderne des mathématiques . Les espaces vectoriels deviennent alors une structure générale omni-présente dans presque tous les domaines mathématiques .	ortho , mise en page , wikif
Lalgèbre lineaire est la branche des mathématiques qui s' intéresse à l' étude des espaces vectoriels ( ou espaces linéaires ) , de leurs éléments les vecteurs , des transformations linéaires et des systèmes d' équations linéaires ( théorie des matrices ) .	Lalgèbre linéaire est la branche des mathématiques qui s' intéresse à l' étude des espaces vectoriels ( ou espaces linéaires ) , de leurs éléments les vecteurs , des transformations linéaires et des systèmes d' équations linéaires ( théorie des matrices ) .	
Lalgèbre abstraite , ou algèbre générale , ou encore algèbre universelle est la branche des mathématiques qui porte principalement sur l' étude des structures algébriques et des relations entre elles . Le terme algèbre abstraite est utilisé pour la distinguer de l' algèbre élémentaire qui enseigne les règles de manipulation des formules et des expressions algébriques .	Lalgèbre abstraite , ou algèbre générale , ou encore algèbre universelle est la branche des mathématiques qui porte principalement sur l' étude des structures algébriques et des relations entre elles . Le terme algèbre abstraite est utilisé pour la distinguer de lalgèbre élémentaire qui enseigne les règles de manipulation des formules et des expressions algébriques .	
 Lalgorithmique ou algorithmie est la science des algorithmes , visant à étudier les séquences d' instructions dans un programme informatique .	 L' algorithmique ou algorithmie est la science des algorithmes , visant à étudier les séquences d' instructions dans un programme informatique .	nowiki
Souvent l' efficacité d' un algorithme n' est connue que de manière asymptotique , c' est à dire pour de grandes valeurs du paramètre n, alors que pour une utilisation dans des conditions réalistes de	Souvent l' efficacité d' un algorithme n' est connue que de manière asymptotique , c' est-à- dire pour de grandes valeurs du paramètre n, alors que pour une utilisation dans des conditions réalistes de	c' est à dire -> c' est-à- dire
La principale notion mathématique dans le calcul du coût d' un algorithme précis sont les notions de négligeablité ( notée o( f( n)), « petit o ») et de domination ( notée O( f( n)), « grand o »), où f est une fonction mathématique de n, variable désignant la quantité d' informations ( en bits , en nombre d' enregistrements … ) manipulée dans l' algorithme . Les fonctions mathématiques relèvent de l' analyse . En algorithmique on trouve souvent des complexités du type :	La principale notion mathématique dans le calcul du coût d' un algorithme précis sont les notions de négligeabilité ( notée o( f( n)), « petit o ») et de domination ( notée O( f( n)), « grand o »), où f est une fonction mathématique de n, variable désignant la quantité d' informations ( en bits , en nombre d' enregistrements … ) manipulée dans l' algorithme . Les fonctions mathématiques relèvent de l' analyse . En algorithmique on trouve souvent des complexités du type :	typo Complexité algorithmique
À noter aussi : entre deux algorithmes dont la complexité est identique , on cherchera à utiliser celui dont l' occupation mémoire est la plus faible . L' analyse de la complexité algorithmique peut également servir à évaluer l' occupation mémoire d' un algorithme . Enfin , le choix d' un algorithme plutôt qu ' un autre doit se faire en fonction des données que l' on s' attend à lui fournir en entrée . Ainsi , le Quicksort ( ou tri rapide ) , lorsque l' on choisi le premier élément comme pivot , se comporte de façon désastreuse si on l' applique à une liste de valeur ... déjà triée ! Il n' est donc pas judicieux de l' utiliser si on prévoit que le programme recevra en entrée des listes à peu près triées .	À noter aussi : entre deux algorithmes dont la complexité est identique , on cherchera à utiliser celui dont l' occupation mémoire est la plus faible . L' analyse de la complexité algorithmique peut également servir à évaluer l' occupation mémoire d' un algorithme . Enfin , le choix d' un algorithme plutôt qu ' un autre doit se faire en fonction des données que l' on s' attend à lui fournir en entrée . Ainsi , le Quicksort ( ou tri rapide ) , lorsque l' on choisit le premier élément comme pivot , se comporte de façon désastreuse si on l' applique à une liste de valeur ... déjà triée ! Il n' est donc pas judicieux de l' utiliser si on prévoit que le programme recevra en entrée des listes à peu près triées .	Quelques indications sur l' efficacité des algorithmes
Le substantif algorithmique désigne la méthode utilisant des algotithmes . Le terme est éégalement employé comme adjectf .	Le substantif algorithmique désigne la méthode utilisant des algorithmes . Le terme est éégalement employé comme adjectf .	Etude systématique
Le substantif algorithmique désigne la méthode utilisant des algorithmes . Le terme est éégalement employé comme adjectf .	Le substantif algorithmique désigne la méthode utilisant des algorithmes . Le terme est éégalement employé comme adjectif .	Etude systématique
Le substantif algorithmique désigne la méthode utilisant des algorithmes . Le terme est éégalement employé comme adjectif .	Le substantif algorithmique désigne la méthode utilisant des algorithmes . Le terme est également employé comme adjectif .	Etude systématique
On désigne par algorithmique ou algorithmie l' ensemble des activités logiques qui relèvent des algorithmes . Le mot vient du nom du matématicien perse Abou Jafar Muhammad Ibn M?sa al-Khuw?rizm? ( en arabe : ???? ?? ???? ????????? ) , qui , dans le neuvième siècle écrivit le premier ouvrage systématique sur la solution des équations linéaires et quadratiques . Dans le cas général , l' algorithmique s' effectue au moyens de calculs .	On désigne par algorithmique ou algorithmie l' ensemble des activités logiques qui relèvent des algorithmes . Le mot vient du nom du mathématicien perse Abou Jafar Muhammad Ibn M?sa al-Khuw?rizm? ( en arabe : ???? ?? ???? ????????? ) , qui , dans le neuvième siècle écrivit le premier ouvrage systématique sur la solution des équations linéaires et quadratiques . Dans le cas général , l' algorithmique s' effectue au moyens de calculs .	
Au dix-septième siècle , on pourrait entrevroir une certaine allusion à la méthode algorithmique chez René Descartes dans la méthode générale proposée par le Discours de la méthode ( 1637 ) , notamment quand , en sa deuxième partie , le logicien français propose de : « diviser chacune des difficultés que j' examinerois , en autant de parcelles qu ' il se pourroit , et qu ' il seroit requis pour les mieux résoudre . ». Sans évoquer explicitement les concepts de boucle ou d' itération , l' approche de Descartes prédispose la logique accuellir le concept de " programme " , mot qui naît en français en 1677 .	Au dix-septième siècle , on pourrait entrevoir une certaine allusion à la méthode algorithmique chez René Descartes dans la méthode générale proposée par le Discours de la méthode ( 1637 ) , notamment quand , en sa deuxième partie , le logicien français propose de : « diviser chacune des difficultés que j' examinerois , en autant de parcelles qu ' il se pourroit , et qu ' il seroit requis pour les mieux résoudre . ». Sans évoquer explicitement les concepts de boucle ou d' itération , l' approche de Descartes prédispose la logique accuellir le concept de " programme " , mot qui naît en français en 1677 .	Etude systématique
Le savant arabophone andalou Averroès ( 1126 -1198 ) évoque une méthode de raisonnement où la thèse s' affine étape par étape ( itérativement ) jusqu ' à une certaine convergence , et ceci conformément au déroulement d' un algorithme . A la même époque , au douzième siècle , le moine Adelard de Bath a introduit le terme latin de algorismus ( par référence au nom de Al-Khuwarizmi ) . Ce mot donnera algorithme en français en 1554 .	Le savant arabophone andalou Averroès ( 1126 -1198 ) évoque une méthode de raisonnement où la thèse s' affine étape par étape ( itérativement ) jusqu ' à une certaine convergence et ceci conformément au déroulement d' un algorithme . A la même époque , au douzième siècle , le moine Adelard de Bath a introduit le terme latin de algorismus ( par référence au nom de Al-Khuwarizmi ) . Ce mot donne algorithme en français en 1554 .	relecture syntaxe et orthographe
 La principale notion mathématique dans le calcul du coût d' un algorithme précis sont les notions de négligeabilité ( notée o( f( n)), « petit o ») et de domination ( notée O( f( n)), « grand o »), où f est une fonction mathématique de n, variable désignant la quantité d' informations ( en bits , en nombre d' enregistrements … ) manipulée dans l' algorithme . Les fonctions mathématiques relèvent de l' analyse . En algorithmique on trouve souvent des complexités du type :	 Les principales notions mathématiques dans le calcul du coût d' un algorithme précis sont les notions de négligeabilité ( notée o( f( n)), « petit o ») et de domination ( notée O( f( n)), « grand o »), où f est une fonction mathématique de n, variable désignant la quantité d' informations ( en bits , en nombre d' enregistrements … ) manipulée dans l' algorithme . Les fonctions mathématiques relèvent de l' analyse . En algorithmique on trouve souvent des complexités du type :	relecture syntaxe et orthographe
algorithme de tri , le nombre de lignes à trier ) , que le coût exact en secondes et en quantité de mémoire . Baser le calcul de la complexité d' un algorithme sur le temps qu ' un ordinateur particulier prend pour effectuer le-dit algorithme ne permet pas de prendre en compte la structure interne de l' algorithme ni la particularité de l' ordinateur : selon sa charge de travail , la vitesse de son processeur , la vitesse d' accès aux données ou même l' exécution de l' algorithme ( qui peut faire intervenir le hasard ) le temps d' exécution ne sera pas le même .	algorithme de tri , le nombre de lignes à trier ) , que le coût exact en secondes et en quantité de mémoire . Baser le calcul de la complexité d' un algorithme sur le temps qu ' un ordinateur particulier prend pour effectuer ledit algorithme ne permet pas de prendre en compte la structure interne de l' algorithme , ni la particularité de l' ordinateur : selon sa charge de travail , la vitesse de son processeur , la vitesse d' accès aux données ou même l' exécution de l' algorithme ( qui peut faire intervenir le hasard ) le temps d' exécution ne sera pas le même .	relecture syntaxe et orthographe
Si ces opérations s' exécutent en séquence , on parle d' algorithme séquentiel . Si les opérations s' éxécutent sur plusieurs processeurs en parallèle , on parle d' algorithme parallèle . Si les tâches s' exécutent sur un réseau de processeurs on parle d' algoritme distribué .	Si ces opérations s' exécutent en séquence , on parle d' algorithme séquentiel . Si les opérations s' éxécutent sur plusieurs processeurs en parallèle , on parle d' algorithme parallèle . Si les tâches s' exécutent sur un réseau de processeurs on parle d' algorithme distribué .	coquille
Si ces opérations s' exécutent en séquence , on parle d' algorithme séquentiel . Si les opérations s' éxécutent sur plusieurs processeurs en parallèle , on parle d' algorithme parallèle . Si les tâches s' exécutent sur un réseau de processeurs on parle d' algorithme réparti ou distribué .	Si ces opérations s' exécutent en séquence , on parle d' algorithme séquentiel . Si les opérations s' exécutent sur plusieurs processeurs en parallèle , on parle d' algorithme parallèle . Si les tâches s' exécutent sur un réseau de processeurs on parle d' algorithme réparti ou distribué .	Définition
Il existe un certain nombre d' algorithmes classiques , utilisés pour résoudre des problèmes ou plus simplement pour illustrer des méthodes de programmation . On se réfèrera aux articles suivants pour de plus amples détails :	Il existe un certain nombre d' algorithmes classiques , utilisés pour résoudre des problèmes ou plus simplement pour illustrer des méthodes de programmation . On se référera aux articles suivants pour de plus amples détails :	Exemples d' algorithme
algorithme de tri , le nombre de lignes à trier ) , que l' on privégéliera sur le coût exact en secondes , ensuite l' appréciation de la quantité de mémoire nécessaire pour effectuer les calculs . Baser le calcul de la complexité d' un algorithme sur le temps ou la quantité effective de mémoire qu ' un ordinateur particulier prend pour effectuer ledit algorithme ne permet pas de prendre en compte la structure interne de l' algorithme , ni la particularité de l' ordinateur : selon sa charge de travail , la vitesse de son processeur , la vitesse d' accès aux données , l' exécution de l' algorithme ( qui peut faire intervenir le hasard ) ou son organisation de la mémoire , le temps d' exécution et la quantité de mémoire ne seront pas les mêmes .	algorithme de tri , le nombre de lignes à trier ) , que l' on privilégiera sur le coût exact en secondes , ensuite l' appréciation de la quantité de mémoire nécessaire pour effectuer les calculs . Baser le calcul de la complexité d' un algorithme sur le temps ou la quantité effective de mémoire qu ' un ordinateur particulier prend pour effectuer ledit algorithme ne permet pas de prendre en compte la structure interne de l' algorithme , ni la particularité de l' ordinateur : selon sa charge de travail , la vitesse de son processeur , la vitesse d' accès aux données , l' exécution de l' algorithme ( qui peut faire intervenir le hasard ) ou son organisation de la mémoire , le temps d' exécution et la quantité de mémoire ne seront pas les mêmes .	
Enfin , il existe certains algorithmes dont la complexité est dite amortie . Cela signifie que , pour certaines exécutions de l' algorithme ( car marginaux ) , la complexité de l' algorithme sera très supérieure au cas moyen . Bien sûr , on n' utilise la notion de compléxité amortie que dans les cas où cette réaction est très marginale .	Enfin , il existe certains algorithmes dont la complexité est dite amortie . Cela signifie que , pour certaines exécutions de l' algorithme ( car marginaux ) , la complexité de l' algorithme sera très supérieure au cas moyen . Bien sûr , on n' utilise la notion de complexité amortie que dans les cas où cette réaction est très marginale .	
* Elements d' Algorithmique Tout un livre sur l' algorithmique , gratuit en PDF .	* Eléments d' Algorithmique Tout un livre sur l' algorithmique , gratuit en PDF .	
Le savant arabe Averroès ( 1126 -1198 ) évoque une méthode de raisonnement où la thèse s' affine étape par étape ( itérativement ) jusqu ' à une certaine convergence et ceci conformément au déroulement d' un algorithme . A la même époque , au douzième siècle , le moine Adelard de Bath a introduit le terme latin de algorismus ( par référence au nom de Al-Khuwarizmi ) . Ce mot donne algorithme en français en 1554 .	Le savant arabe Averroès ( 1126 -1198 ) évoque une méthode de raisonnement où la thèse s' affine étape par étape ( itérativement ) jusqu ' à une certaine convergence et ceci conformément au déroulement d' un algorithme . À la même époque , au douzième siècle , le moine Adelard de Bath a introduit le terme latin de algorismus ( par référence au nom de Al-Khuwarizmi ) . Ce mot donne algorithme en français en 1554 .	nettoyage , Typos fixed : . A ? . À , AWB
Enfin , il existe certains algorithmes dont la complexité est dite amortie . Cela signifie que , pour certaines exécutions de l' algorithme ( car marginaux ) , la complexité de l' algorithme sera très supérieure au cas moyen . Bien sûr , on n' utilise la notion de complexité amortie que dans les cas où cette réaction est très marginale .	Enfin , il existe certains algorithmes dont la complexité est dite amortie . Cela signifie que , pour certaines exécutions de l' algorithme ( cas marginaux ) , la complexité de l' algorithme sera très supérieure au cas moyen . Bien sûr , on n' utilise la notion de complexité amortie que dans les cas où cette réaction est très marginale .	
L' Argentine est une républque . L' actuel président se nomme Duhalde .	L' Argentine est une république . L' actuel président se nomme Eduardo Duhalde .	Relecture
- la renégociation de la dette en défaut , avec le FMI et avec les créanciers privés . Un accord a été trouvé avec ses derniers début 2005 , ceux-ci-devant renoncer à 75 % de leurs créances .	- la renégociation de la dette en défaut , avec le FMI et avec les créanciers privés . Un accord a été trouvé avec ses derniers début 2005 , ceux-ci devant renoncer à 75 % de leurs créances .	Restauration de la dernière version de 82 . 225 . 195 . 45
- les renégociations des contrats d' eau , de gaz . .. avec de grandes entreprises étrangères ( Suez . ..). La plupart des services publics ont été privatisés pendant l' ère Mennem .	- les renégociations des contrats d' eau , de gaz . .. avec de grandes entreprises étrangères ( Suez . ..). La plupart des services publics ont été privatisés pendant l' ère Menem .	
Les élections présidentielles se déroulent en un ou deux tours . Si aucun candidat ne récolte plus de 45 % des votes , alors un deuxième tour est organisé . Seuls les deux candidats qui ont remportés le plus de votes participent au deuxième tour ( 2003 ) . Historiquement , le pays est marqué par le bipartisme entre les parti Justicialiste ( ou Péroniste ) et le parti Radical ( Union Civique Radicale ( UCR ) ) et l' élection se fait normalement dès le premier tour .	Les élections présidentielles se déroulent en un ou deux tours . Si aucun candidat ne récolte plus de 45 % des votes , alors un deuxième tour est organisé . Seuls les deux candidats qui ont remportés le plus de votes participent au deuxième tour ( 2003 ) . Historiquement , le pays est marqué par le bipartisme entre le parti Justicialiste ( ou Péroniste ) et le parti Radical ( Union Civique Radicale ( UCR ) ) et l' élection se fait normalement dès le premier tour .	ortho
Carlos Menem , ancien président est arrivé en tête au premier tour avec 24 % des voix , suivi de Nestor Kirchner , proche de l' actuel président , Eduardo Duhalde , avec 22 % . Tous les deux sont issus du parti judicialiste . Carlos Menem , d' après les sondages , ne paraissait pas pouvoir significativement progresser par rapport à son score du premier tour et semblait donc promis à une lourde défaite , avec 30 % de retard . Il a renoncé le 14 mai , à quatre jours du second tour , laissant Nestor Kirchner devenir automatiquement président . Les adversaires de Menem et notamment l' entourage du président Duhalde ont qualifié cette décision d' irresponsable , puisqu ' en privant Kirchner de la victoire au second tour , en faisant un président par défaut , elle pourrait miner sérieusement sa légitimité .	Carlos Menem , ancien président est arrivé en tête au premier tour avec 24 % des voix , suivi de Néstor Kirchner , proche de l' actuel président , Eduardo Duhalde , avec 22 % . Tous les deux sont issus du parti judicialiste . Carlos Menem , d' après les sondages , ne paraissait pas pouvoir significativement progresser par rapport à son score du premier tour et semblait donc promis à une lourde défaite , avec 30 % de retard . Il a renoncé le 14 mai , à quatre jours du second tour , laissant Nestor Kirchner devenir automatiquement président . Les adversaires de Menem et notamment l' entourage du président Duhalde ont qualifié cette décision d' irresponsable , puisqu ' en privant Kirchner de la victoire au second tour , en faisant un président par défaut , elle pourrait miner sérieusement sa légitimité .	Élections présidentielles 2003
- la renégociation de la dette en défaut , avec le FMI et avec les créanciers privés . Un accord a été trouvé avec ses derniers début 2005 , ceux-ci devant renoncer à 75 % de leurs créances .	- la renégociation de la dette en défaut , avec le FMI et avec les créanciers privés . Un accord a été trouvé avec ces derniers début 2005 , ceux-ci devant renoncer à 75 % de leurs créances .	
Les élections présidentielles se déroulent en un ou deux tours . Si aucun candidat ne récolte plus de 45 % des votes , alors un deuxième tour est organisé . Seuls les deux candidats qui ont remportés le plus de votes participent au deuxième tour ( 2003 ) . Historiquement , le pays est marqué par le bipartisme entre le parti Justicialiste ( ou Péroniste ) et le parti Radical ( Union Civique Radicale ( UCR ) ) et l' élection se fait normalement dès le premier tour .	Les élections présidentielles se déroulent en un ou deux tours . Si aucun candidat ne récolte plus de 45 % des votes , alors un deuxième tour est organisé . Seuls les deux candidats qui ont remporté le plus de votes participent au deuxième tour ( 2003 ) . Historiquement , le pays est marqué par le bipartisme entre le parti Justicialiste ( ou Péroniste ) et le parti Radical ( Union Civique Radicale ( UCR ) ) et l' élection se fait normalement dès le premier tour .	Exécutif grammaire
Des groupes se réclamant de l' appellation IRA véritable ( Real IRA ) ont continué la lutte armée ( comme l' attentat d' Omagh en 1998 qui a fait 29 mort ) , mais semblent devoir s' éteindre après avoir été décimés par les arrestations .	Des groupes se réclamant de l' appellation IRA véritable ( Real IRA ) ont continué la lutte armée ( comme l' attentat d' Omagh en 1998 qui a fait 29 morts ) , mais semblent devoir s' éteindre après avoir été décimés par les arrestations .	
Elle a agi pendant de nombreuses années par la voie armée ( terroristes ou résistantes , selon les points de vue ) , mais elle semble privilégier depuis quelques années la voie du dialogue par l' entremise de sa branche politique , le Sinn Fein dirigé par Gerry Adams .	Elle a agi pendant de nombreuses années par la voie armée ( terroristes ou résistantes , selon les points de vue ) , mais elle semble privilégier depuis quelques années la voie du dialogue par l' entremise de sa branche politique , le Sinn Féin dirigé par Gerry Adams .	
L' appellation Armée républicaine irlandaise ou IRA ( Irish Republican Army ) a été dans l' histoire revendiquée par plusieurs organisations paramilitaires irlandaises , souhaitant libérer l' Irlande de la tutelle du Royaume-Uni . Le nom se réfère généralement aujourd ' hui à lIRA provisoire ( Provisional IRA ) , qui s' est séparée dans les années 1960 et cherche à rattacher le Nord et le Republique de l' Irlande l' île et à libérer le Nord ( parfois improprement appelé Ulster alors qu ' il n' en forme qu ' une partie ) de la domination des Britanniques et des Protestants ( ces derniers étaient à l' origine des calvinistes écossais installés par le pouvoir royal ) .	L' appellation Armée républicaine irlandaise ou IRA ( Irish Republican Army ) a été dans l' histoire revendiquée par plusieurs organisations paramilitaires irlandaises , souhaitant libérer l' Irlande de la tutelle du Royaume-Uni . Le nom se réfère généralement aujourd ' hui à lIRA provisoire ( Provisional IRA ) , qui s' est séparée dans les années 1960 et cherche à rattacher le Nord et le République d' Irlande l' île et à libérer le Nord ( parfois improprement appelé Ulster alors qu ' il n' en forme qu ' une partie ) de la domination des Britanniques et des Protestants ( ces derniers étaient à l' origine des calvinistes écossais installés par le pouvoir royal ) .	République d' Irlande
L' appellation Armée républicaine irlandaise ou IRA ( Irish Republican Army ) a été dans l' histoire revendiquée par plusieurs organisations paramilitaires irlandaises , souhaitant libérer l' Irlande de la tutelle du Royaume-Uni . Le nom se réfère généralement aujourd ' hui à lIRA provisoire ( Provisional IRA ) , qui s' est séparée dans les années 1960 et cherche à rattacher le Nord et le République d' Irlande l' île et à libérer le Nord ( parfois improprement appelé Ulster alors qu ' il n' en forme qu ' une partie ) de la domination des Britanniques et des Protestants ( ces derniers étaient à l' origine des calvinistes écossais installés par le pouvoir royal ) .	L' appellation Armée républicaine irlandaise ou IRA ( Irish Republican Army ) a été dans l' histoire revendiquée par plusieurs organisations paramilitaires irlandaises , souhaitant libérer l' Irlande de la tutelle du Royaume-Uni . Le nom se réfère généralement aujourd ' hui à lIRA provisoire ( Provisional IRA ) , qui s' est séparée dans les années 1960 et cherche à rattacher le Nord et la République d' Irlande et à libérer le Nord ( parfois improprement appelé Ulster alors qu ' il n' en forme qu ' une partie ) de la domination des Britanniques et des Protestants ( ces derniers étaient à l' origine des calvinistes écossais installés par le pouvoir royal ) .	
En Irlande , plusieurs organisations ont porté ou portent le nom darmée républicaine irlandaise ( en anglais Irish Republic Army , ou IRA-en irlandais , Óglaigh na hÉireann ) . La première organisation à s' appeler IRA était l' armée de la République irlandaise fondée en 1919 à la suite de l' échec de la rébellion des Irlandais ( Insurrection de Pâques 1916 ) . À la suite de la guerre d' indépendence de l' Irlande , ( 1919 -1921 ) , 26 comtés de l' Irlande sont devenus l' État libre d' Irlande , et la majeure partie de l' IRA est devenue l' armée nationale de l' État libre .	En Irlande , plusieurs organisations ont porté ou portent le nom darmée républicaine irlandaise ( en anglais Irish Republic Army , ou IRA-en irlandais , Óglaigh na hÉireann ) . La première organisation à s' appeler IRA était l' armée de la République irlandaise fondée en 1919 à la suite de l' échec de la rébellion des Irlandais ( Insurrection de Pâques 1916 ) . À la suite de la guerre d' indépendance de l' Irlande , ( 1919 -1921 ) , 26 comtés de l' Irlande sont devenus l' État libre d' Irlande , et la majeure partie de l' IRA est devenue l' armée nationale de l' État libre .	
En Irlande , plusieurs organisations ont porté ou portent le nom darmée républicaine irlandaise ( en anglais Irish Republic Army , ou IRA-en irlandais , Óglaigh na hÉireann ) . La première organisation à s' appeler IRA était l' armée de la République irlandaise fondée en 1919 à la suite de l' échec de la rébellion des Irlandais ( Insurrection de Pâques 1916 ) . À la suite de la guerre d' indépendance de l' Irlande , ( 1919 -1921 ) , 26 comtés de l' Irlande sont devenus l' État libre d' Irlande , et la majeure partie de l' IRA est devenue l' armée nationale de l' État libre .	En Irlande , plusieurs organisations ont porté ou portent le nom darmée républicaine irlandaise ( en anglais Irish Republican Army , ou IRA-en irlandais , Óglaigh na hÉireann ) . La première organisation à s' appeler IRA était l' armée de la République irlandaise fondée en 1919 à la suite de l' échec de la rébellion des Irlandais ( Insurrection de Pâques 1916 ) . À la suite de la guerre d' indépendance de l' Irlande , ( 1919 -1921 ) , 26 comtés de l' Irlande sont devenus l' État libre d' Irlande , et la majeure partie de l' IRA est devenue l' armée nationale de l' État libre .	
En Irlande , plusieurs organisations ont porté ou portent le nom darmée républicaine irlandaise ( en anglais Irish Republican Army , ou IRA-en gaelic , Óglaigh na hÉireann ) . L' IRA est le resultat de la jonction entre les Volunteers et L' Irish Citizen Army de James Connolly a la suite de l' insurection de Pacques en 1916 . Après cette insurection beaucoups de révoltés Irlandais sont assassinés par les Britanniques ( dont James Connolly , syndicaliste a l' origine de la creation de l' ICA ) . À la suite de la guerre d' indépendance de l' Irlande , ( 1919 -1921 ) , 26 comtés de l' Irlande sont devenus l' État libre d' Irlande , et la majeure partie de l' IRA est devenue l' armée nationale de l' État libre .	En Irlande , plusieurs organisations ont porté ou portent le nom darmée républicaine irlandaise ( en anglais Irish Republican Army , ou IRA-en gaelic , Óglaigh na hÉireann ) . L' IRA est le resultat de la jonction entre les Volunteers et L' Irish Citizen Army de James Connolly a la suite de l' insurection de Paques en 1916 . Après cette insurection beaucoups de révoltés Irlandais sont assassinés par les Britanniques ( dont James Connolly , syndicaliste a l' origine de la creation de l' ICA ) . À la suite de la guerre d' indépendance de l' Irlande , ( 1919 -1921 ) , 26 comtés de l' Irlande sont devenus l' État libre d' Irlande , et la majeure partie de l' IRA est devenue l' armée nationale de l' État libre .	
Quand l' État libre d' Irlande devient une République indépendante ( 1948 ) , l' IRA mène une nouvelle lutte terroriste ( bombe , assassinat , attentat , etc . ) en Irlande du Nord et en Grande-Bretagne . Le but est d' intégrer l' Irlande du Nord à la République d' Irlande . Ce combat dure jusqu ' en 1962 , date à laquelle l' IRA annonce un cessez-le-feu et semble devoir dispaître . Cependant la violente répression des marches des droits civiques en Irlande du nord à la fin des années 1960 aboutit à la reconstitution de l' IRA .	Quand l' État libre d' Irlande devient une République indépendante ( 1948 ) , l' IRA mène une nouvelle lutte terroriste ( bombe , assassinat , attentat , etc . ) en Irlande du Nord et en Grande-Bretagne . Le but est d' intégrer l' Irlande du Nord à la République d' Irlande . Ce combat dure jusqu ' en 1962 , date à laquelle l' IRA annonce un cessez-le-feu et semble devoir disparaître . Cependant la violente répression des marches des droits civiques en Irlande du nord à la fin des années 1960 aboutit à la reconstitution de l' IRA .	Histoire
En Irlande , plusieurs organisations ont porté ou portent le nom darmée républicaine irlandaise ( en anglais Irish Republican Army , ou IRA-en gaelic , Óglaigh na hÉireann ) . L' IRA est le resultat de la jonction entre les Volunteers et L' Irish Citizen Army de James Connolly a la suite de l' insurection de Paques en 1916 . Après cette insurection beaucoups de révoltés Irlandais sont assassinés par les Britanniques ( dont James Connolly , syndicaliste a l' origine de la creation de l' ICA ) . À la suite de la guerre d' indépendance de l' Irlande , ( 1919 -1921 ) , 26 comtés de l' Irlande sont devenus l' État libre d' Irlande , et la majeure partie de l' IRA est devenue l' armée nationale de l' État libre .	En Irlande , plusieurs organisations ont porté ou portent le nom darmée républicaine irlandaise ( en anglais Irish Republican Army , ou IRA-en gaelic , Óglaigh na hÉireann ) . L' IRA est le resultat de la jonction entre les Volunteers et L' Irish Citizen Army de James Connolly a la suite de l' insurrection de Paques en 1916 . Après cette insurection beaucoups de révoltés Irlandais sont assassinés par les Britanniques ( dont James Connolly , syndicaliste a l' origine de la creation de l' ICA ) . À la suite de la guerre d' indépendance de l' Irlande , ( 1919 -1921 ) , 26 comtés de l' Irlande sont devenus l' État libre d' Irlande , et la majeure partie de l' IRA est devenue l' armée nationale de l' État libre .	
En Irlande , plusieurs organisations ont porté ou portent le nom darmée républicaine irlandaise ( en anglais Irish Republican Army , ou IRA-en gaelic , Óglaigh na hÉireann ) . L' IRA est le résultat de la jonction entre les Volunteers et L' Irish Citizen Army de James Connolly a la suite de l' insurrection de Paques en 1916 . Par la suite , beaucoup de révoltés Irlandais sont assassinés par les Britanniques ( dont James Connolly , syndicaliste a l' origine de la creation de l' ICA ) . À la suite de la guerre d' indépendance de l' Irlande , ( 1919 -1921 ) , 26 comtés de l' Irlande sont devenus l' État libre d' Irlande , et la majeure partie de l' IRA est devenue l' armée nationale de l' État libre .	En Irlande , plusieurs organisations ont porté ou portent le nom darmée républicaine irlandaise ( en anglais Irish Republican Army , ou IRA-en gaelic , Óglaigh na hÉireann ) . L' IRA est le résultat de la jonction entre les Volunteers et L' Irish Citizen Army de James Connolly a la suite de l' insurrection de Pâques en 1916 . Par la suite , beaucoup de révoltés Irlandais sont assassinés par les Britanniques ( dont James Connolly , syndicaliste a l' origine de la creation de l' ICA ) . À la suite de la guerre d' indépendance de l' Irlande , ( 1919 -1921 ) , 26 comtés de l' Irlande sont devenus l' État libre d' Irlande , et la majeure partie de l' IRA est devenue l' armée nationale de l' État libre .	
En Irlande , plusieurs organisations ont porté ou portent le nom darmée républicaine irlandaise ( en anglais Irish Republican Army , ou IRA-en gaelic , Óglaigh na hÉireann ) . L' IRA est le résultat de la jonction entre les Volunteers et L' Irish Citizen Army de James Connolly a la suite de l' insurrection de Pâques en 1916 . Par la suite , beaucoup de révoltés Irlandais sont assassinés par les Britanniques ( dont James Connolly , syndicaliste a l' origine de la creation de l' ICA ) . À la suite de la guerre d' indépendance de l' Irlande , ( 1919 -1921 ) , 26 comtés de l' Irlande sont devenus l' État libre d' Irlande , et la majeure partie de l' IRA est devenue l' armée nationale de l' État libre .	En Irlande , plusieurs organisations ont porté ou portent le nom darmée républicaine irlandaise ( en anglais Irish Republican Army , ou IRA-en gaelic , Óglaigh na hÉireann ) . L' IRA est le résultat de la jonction entre les Irish Volunteers et L' Irish Citizen Army de James Connolly à la suite de l' insurrection de Pâques en 1916 . Par la suite , beaucoup de révoltés Irlandais sont assassinés par les Britanniques ( dont James Connolly , syndicaliste a l' origine de la creation de l' ICA ) . À la suite de la guerre d' indépendance de l' Irlande , ( 1919 -1921 ) , 26 comtés de l' Irlande sont devenus l' État libre d' Irlande , et la majeure partie de l' IRA est devenue l' armée nationale de l' État libre .	
Celle-ci reprend ses activités terroristes pour exiger le retrait des soldats britanniques se trouvant en Irlande du Nord ( 1969 ) . Elle commet plusieurs actes terroristes majeurs : Belfast est le théâtre de 22 attentats en l' espace de 75 minutes , faisant 9 morts et 130 blessés ( Bloody Friday , 1972 ) ; Lord Mountbatten , cousin de la reine Élisabeth II et dernier vice-roi des Indes , est tué par l' explosion d' une bombe placée dans son bateau ( 1979 ) ; l' hôtel de Brighton où sont hébergés le premier ministre Thatcher et ses ministres lors du congrès du parti conservateur est partiellement détruit par une bombe faisant 1 victime ( 1984 ) . Ce conflit qui se poursuit jusqu ' aux années 2006 fait plus de 3 000 victimes .	Celle-ci reprend ses activités terroristes pour exiger le retrait des soldats britanniques se trouvant en Irlande du Nord ( 1969 ) . Elle commet plusieurs actes terroristes majeurs : Belfast est le théâtre de 22 attentats en l' espace de 75 minutes , faisant 9 morts et 130 blessés ( Bloody Friday , 1972 ) ; Lord Mountbatten , cousin de la reine Élisabeth II et dernier vice-roi des Indes , est tué par l' explosion d' une bombe placée dans son bateau ( 1979 ) ; l' hôtel de Brighton où sont hébergés la première ministre Thatcher et ses ministres lors du congrès du parti conservateur est partiellement détruit par une bombe faisant 1 victime ( 1984 ) . Ce conflit qui se poursuit jusqu ' aux années 2006 fait plus de 3 000 victimes .	
* 26 septembre 2005 Le général canadien John de Chastelain , chef de la Commission du désarmement , a annoncé que l' arsenal de l' IRA a été complètement démantelé	* 26 septembre 2005 Le général canadien John de Chastelain , chef de la Commission du désarmement , annonce que l' arsenal de l' IRA a été complètement démantelé	
* 1 août 2007 Les troupes britaniques se retirent officiellement de l' Irlande du nord pour laisser le plein contrôle à la police irlandaise	* 1 août 2007 Les troupes britanniques se retirent officiellement de l' Irlande du nord pour laisser le plein contrôle à la police irlandaise	
L' Autriche fut annexée ( Anschluß ) par l' Allemagne nazie en 1938 . Les troupes alliées occupèrent l' Autriche à la fin de la Seconde Guerre mondiale et se retirèrent en 1955 . L' Autriche s' est davantage tournée vers l' Europe occidentale après la chute du communisme dans les États voisins en 1991 . Ainsi , elle rejoint l' Union européenne en 1995 et le système monétaire de l' euro en 1999 .	L' Autriche fut annexée ( Anschluss ) par l' Allemagne nazie en 1938 . Les troupes alliées occupèrent l' Autriche à la fin de la Seconde Guerre mondiale et se retirèrent en 1955 . L' Autriche s' est davantage tournée vers l' Europe occidentale après la chute du communisme dans les États voisins en 1991 . Ainsi , elle rejoint l' Union européenne en 1995 et le système monétaire de l' euro en 1999 .	lien Anschluss
| align " center " colspan " 2 " style " border-bottom : 3px solid gray ; " | Devise nationale : AucuneLa dynastie habsbourg avait pour devise l' acronyme AEIOU qui est généralement interprétée en latin par : « Austria Est Imperare Orbi Universo » (« Il appartient à l' Autriche de régner sur le monde entier ») ; on peut aussi le lire en allemand : « Alles Erdreich Ist Oestereich Unterthan ».	| align " center " colspan " 2 " style " border-bottom : 3px solid gray ; " | Devise nationale : AucuneLa dynastie habsbourg avait pour devise l' acronyme AEIOU qui est généralement interprétée en latin par : « Austria Est Imperare Orbi Universo » (« Il appartient à l' Autriche de régner sur le monde entier ») ; on peut aussi le lire en allemand : « Alles Erdreich ist Östereich untertan ».	
| align " center " colspan " 2 " style " border-bottom : 3px solid gray ; " | Devise nationale : AucuneLa dynastie habsbourg avait pour devise l' acronyme AEIOU qui est généralement interprétée en latin par : « Austria Est Imperare Orbi Universo » (« Il appartient à l' Autriche de régner sur le monde entier ») ; on peut aussi le lire en allemand : « Alles Erdreich ist Östereich untertan ».	| align " center " colspan " 2 " style " border-bottom : 3px solid gray ; " | Devise nationale : AucuneLa dynastie habsbourg avait pour devise l' acronyme AEIOU qui est généralement interprétée en latin par : « Austria Est Imperare Orbi Universo » (« Il appartient à l' Autriche de régner sur le monde entier ») ; on peut aussi le lire en allemand : « Alles Erdreich ist Österreich untertan ».	
 Article détaillé : Géographie de l' Autriche ~ Villes d' Autriche	 Articles détaillés : Géographie de l' Autriche ~ Villes d' Autriche	Géographie
Le BZÖ a été créé le 4 avril par Jörg Haider lors d' une scission de son parti d' extrême droite FPOe 	Le BZÖ a été créé le 4 avril par Jörg Haider lors d' une scission de son parti d' extrême droite FPÖ 	Politique liens sans redir
Le réseau routier est entretenu principalement par l' Etat . Une taxe sur les véhicules existe sur le réseau autoroutier , sous la forme de vignette obligatoire ( 73 Euro en 2007 pour une vignette annuelle ) . Les camions doivent payer une redevance kilométrique ( maximum 0 , 273 Euro / Km ) à la société ASFINAG .	Le réseau routier est entretenu principalement par l' État . Une taxe sur les véhicules existe sur le réseau autoroutier , sous la forme de vignette obligatoire ( 73 Euro en 2007 pour une vignette annuelle ) . Les camions doivent payer une redevance kilométrique ( maximum 0 , 273 Euro / Km ) à la société ASFINAG .	Transports titre
En mai 1955 , les ministres des affaires étrangères et les ambassadeurs d' Union soviétique , du Royaume-Uni , des États-Unis et de France , ainsi que le ministre autrichien des affaires étangères , Leopold Figl , signent le Traité d' État autrichien ( Staatsvertrag ) . Cet événement est commémoré par le tirage d' une pièce de 2 euros frappée en mai 2005 .	En mai 1955 , les ministres des affaires étrangères et les ambassadeurs d' Union soviétique , du Royaume-Uni , des États-Unis et de France , ainsi que le ministre autrichien des affaires étrangères , Leopold Figl , signent le Traité d' État autrichien ( Staatsvertrag ) . Cet événement est commémoré par le tirage d' une pièce de 2 euros frappée en mai 2005 .	ortho / typo , modèle " loupe " , liens wiki
* PIB ( produit intérieur brut ) : 254 millards de dollars ( en 2005 )	* PIB ( produit intérieur brut ) : 254 milliards de dollars ( en 2005 )	ortho / typo , modèle " loupe " , liens wiki
* Taux de chomâge : 4 , 5 % ( fin 2005 ) selon les données européennes , 7 , 1 % ( avril 2005 ) selon les méthodes de calcul autrichiennes .	* Taux de chômage : 4 , 5 % ( fin 2005 ) selon les données européennes , 7 , 1 % ( avril 2005 ) selon les méthodes de calcul autrichiennes .	relecture
* En 2006 , près de 440 millions de passagers ont emprunté le réseau ferroviaire autrichien , soit une augmentation de 10 millions par rapport à 2005 . Cette croissance rapide ainsi que des investissements insuffisants ont obligé ÖBB à louer des wagons supplémentaires auprès de ses partenaires allemande , suisse , italienne , roumaine , hongroise et polonaise , afin de faire face à la demande notamment lors des vacances de Noël 2006 . La moyenne d' age des wagons de lÖBB est de 21 ans . http : // derstandard . at : ÖBB leihen Waggons aus Polen und Rumänien . Publié le 14 . 01 . 2007	* En 2006 , près de 440 millions de passagers ont emprunté le réseau ferroviaire autrichien , soit une augmentation de 10 millions par rapport à 2005 . Cette croissance rapide ainsi que des investissements insuffisants ont obligé ÖBB à louer des wagons supplémentaires auprès de ses partenaires allemande , suisse , italienne , roumaine , hongroise et polonaise , afin de faire face à la demande notamment lors des vacances de Noël 2006 . La moyenne d' âge des wagons de lÖBB est de 21 ans . http : // derstandard . at : ÖBB leihen Waggons aus Polen und Rumänien . Publié le 14 . 01 . 2007	relecture
Vienne est la seule ville autrichienne a être équipée d' un véritable réseau de métro (" U- Bahn " ). Certaines stations du réseau de tramway de Linz se trouvent sous-terre . Les villes de Vienne , Graz , Linz , Innsbruck et Gmunden possèdent également un réseau de tramway . Le village de Serfaus , situé dan le Tyrol , possède un " Luftkissenschwebebahn " sous-terrain , parfois considéré comme le métro le plus petit au monde .	Vienne est la seule ville autrichienne a être équipée d' un véritable réseau de métro (" U- Bahn " ). Certaines stations du réseau de tramway de Linz se trouvent sous terre . Les villes de Vienne , Graz , Linz , Innsbruck et Gmunden possèdent également un réseau de tramway . Le village de Serfaus , situé dan le Tyrol , possède un " Luftkissenschwebebahn " sous-terrain , parfois considéré comme le métro le plus petit au monde .	relecture
La majorité du réseau ferroviaire est gérée par la société ÖBB (" Österreichische Bundesbahnen " ). D' autres entreprises sont également présentes dans le transport férré autrichien , détenues soit par les Lands , soit par le secteur privé .	La majorité du réseau ferroviaire est gérée par la société ÖBB (" Österreichische Bundesbahnen " ). D' autres entreprises sont également présentes dans le transport ferré autrichien , détenues soit par les Lands , soit par le secteur privé .	nettoyage AWB
* Le transport de camions par voie ferrée ( également connu sous le terme de « transport combiné ») est en développement rapide : la traversée du Tyrol sur rails a été utilisée par près de 110 . 000 camions en 2006 , soit une augmentation de 130 % du trafic . Grace en partie à d' importantes subventions de la part de l' Etat fédéral autrichien , et selon lÖBB , ce mode de transport reviendrait environ 20 % moins cher aux transporteurs , et permet de plus aux chauffeurs de mieux respecter leurs temps de pause réglementaires .	* Le transport de camions par voie ferrée ( également connu sous le terme de « transport combiné ») est en développement rapide : la traversée du Tyrol sur rails a été utilisée par près de 110 . 000 camions en 2006 , soit une augmentation de 130 % du trafic . Grace en partie à d' importantes subventions de la part de l' État fédéral autrichien , et selon lÖBB , ce mode de transport reviendrait environ 20 % moins cher aux transporteurs , et permet de plus aux chauffeurs de mieux respecter leurs temps de pause réglementaires .	nettoyage AWB
Vienne est la seule ville autrichienne a être équipée d' un véritable réseau de métro (" U- Bahn " ). Certaines stations du réseau de tramway de Linz se trouvent sous terre . Les villes de Vienne , Graz , Linz , Innsbruck et Gmunden possèdent également un réseau de tramway . Le village de Serfaus , situé dan le Tyrol , possède un " Luftkissenschwebebahn " sous-terrain , parfois considéré comme le métro le plus petit au monde .	Vienne est la seule ville autrichienne à être équipée d' un véritable réseau de métro (" U- Bahn " ). Certaines stations du réseau de tramway de Linz se trouvent sous terre . Les villes de Vienne , Graz , Linz , Innsbruck et Gmunden possèdent également un réseau de tramway . Le village de Serfaus , situé dan le Tyrol , possède un " Luftkissenschwebebahn " sous-terrain , parfois considéré comme le métro le plus petit au monde .	nettoyage AWB
Située au cœur de l' Europe centrale , l' Autriche a l' avantage de posséder des frontières communes avec huit pays . C' est un pays montagneux : les Alpes occupent les deux tiers de la surface au sol . Le fleuve le plus long est le Danube , qui traverse également l' Allemagne , la Slovaquie , la Hongrie , la Serbie et la Roumanie . Son parcours en Autriche s' étend sur 350 km . Le point culminant est le Grossglockner , qui s' élève à 3797 mètres . 70 % du pays est couvert par les Alpes , ou les riviéres ( Inn , Slazach , Drau , Mur ) tracent des vallés ou se concentre la vie humaine . Malgré les montagne le pays posséde une agriculture prospére . L´industrie est de teadition ancienne et le tourisme actif ranime les vallées isolées . Le pays doit néanmoins faire face à un déclin démogaphique ( deux guerres mondiales , dénatalité ) . Jadis à la tête d´un empire le pays est aujourd´hui un petit pays de l´union européenne .	70 % du pays est couvert par les Alpes , ou les riviéres ( Inn , Salzach , Drau , Mur ) tracent des vallés ou se concentre la vie humaine alpine . Malgré les montagne le pays posséde une agriculture prospére .	Géographie --> Le rest etait pas encyclopadique , aussi il concerne le histoire et le industrie , pas le geographie !
70 % du pays est couvert par les Alpes , ou les riviéres ( Inn , Salzach , Drau , Mur ) tracent des vallés ou se concentre la vie humaine alpine . Malgré les montagne le pays posséde une agriculture prospére . Dans l' est il y a le Bassin de Vienne ou le Danube joindre la capitele autrichienne Vienne .	70 % du pays est couvert par les Alpes , ou les riviéres ( Inn , Salzach , Drau , Mur ) tracent des vallés ou se concentre la vie humaine alpine . Malgré les montagne le pays posséde une agriculture prospére . Dans l' est il y a le Bassin de Vienne ou le Danube joindre la capitale autrichienne Vienne .	Géographie
L' espérence de vie en Autriche s' élève à 82 . 1 ans pour les femmes et à 76 . 4 ans pour les hommes .	L' espérance de vie en Autriche s' élève à 82 . 1 ans pour les femmes et à 76 . 4 ans pour les hommes .	Démographie
70 % du pays est couvert par les Alpes , ou les riviéres ( Inn , Salzach , Drau , Mur ) tracent des vallés ou se concentre la vie humaine alpine . Malgré les montagne le pays posséde une agriculture prospére . Dans l' est il y a le Bassin de Vienne où le Danube joint la capitale autrichienne Vienne .	70 % du pays est couvert par les Alpes , ou les rivières ( Inn , Salzach , Drau , Mur ) tracent des vallés ou se concentre la vie humaine alpine . Malgré les montagne le pays posséde une agriculture prospére . Dans l' est il y a le Bassin de Vienne où le Danube joint la capitale autrichienne Vienne .	Géographie
70 % du pays est couvert par les Alpes , ou les rivières ( Inn , Salzach , Drau , Mur ) tracent des vallés ou se concentre la vie humaine alpine . Malgré les montagne le pays posséde une agriculture prospére . Dans l' est il y a le Bassin de Vienne où le Danube joint la capitale autrichienne Vienne .	70 % du pays est couvert par les Alpes , ou les rivières ( Inn , Salzach , Drau , Mur ) tracent des vallées ou se concentre la vie humaine alpine . Malgré les montagne le pays posséde une agriculture prospére . Dans l' est il y a le Bassin de Vienne où le Danube joint la capitale autrichienne Vienne .	Géographie
Située au cœur de l' Europe centrale , l' Autriche a l' avantage de posséder des frontières communes avec huit pays . C' est un pays montagneux : les Alpes occupent les deux tiers de la surface au sol . Le fleuve le plus long est le Danube , qui traverse également l' Allemagne , la Slovaquie , la Hongrie , la Serbie et la Roumanie . Son parcours en Autriche s' étend sur 350 km . Le point culminant est le Grossglockner , qui s' élève à 3797 mètres .	Située au cœur de l' Europe centrale , l' Autriche à l' avantage de posséder des frontières communes avec huit pays . C' est un pays montagneux : les Alpes occupent les deux tiers de la surface au sol . Le fleuve le plus long est le Danube , qui traverse également l' Allemagne , la Slovaquie , la Hongrie , la Serbie et la Roumanie . Son parcours en Autriche s' étend sur 350 km . Le point culminant est le Grossglockner , qui s' élève à 3797 mètres .	Géographie
70 % du pays est couvert par les Alpes , ou les rivières ( Inn , Salzach , Drau , Mur ) tracent des vallées où se concentré la vie humaine alpine . Malgré les montagnes , le pays posséde une agriculture prospére . Dans l' est il y a le Bassin de Vienne où le Danube joint la capitale autrichienne Vienne .	70 % du pays est couvert par les Alpes , ou les rivières ( Inn , Salzach , Drau , Mur ) tracent des vallées où se concentre la vie humaine alpine . Malgré les montagnes , le pays posséde une agriculture prospére . Dans l' est il y a le Bassin de Vienne où le Danube joint la capitale autrichienne Vienne .	Géographie
70 % du pays est couvert par les Alpes , ou les rivières ( Inn , Salzach , Drau , Mur ) tracent des vallées où se concentre la vie humaine alpine . Malgré les montagnes , le pays posséde une agriculture prospére . Dans l' est il y a le Bassin de Vienne où le Danube joint la capitale autrichienne Vienne .	70 % du pays est couvert par les Alpes , ou les rivières ( Inn , Salzach , Drau , Mur ) tracent des vallées où se concentre la vie humaine alpine . Malgré les montagnes , le pays posséde une agriculture prospère . Dans l' est il y a le Bassin de Vienne où le Danube joint la capitale autrichienne Vienne .	Géographie
Commandé par Napoléon Bonaparte en 1806 , ce monument fut érigé au XIXe et achevé en 1836 . Inspiré de l' architecture romaine et haut d' une cinquantaine de mètres , il porte quatre statues sur chacun de ses quatre piliers :	Commandé par Napoléon Bonaparte en 1806 , ce monument fut érigé au XIXe et achevé en 1836 . Inspiré de l' architecture romaine et haut d' une cinquantaine de mètres , il porte une statue sur chacun de ses quatre piliers :	il porte quatre statues sur chacun de ses quatre piliers -> il porte une statue sur chacun de ses quatre piliers
Commandé par Napoléon en 1806 , ce monument fut érigé au XIXe et achevé en 1836 . Inspiré de l' architecture romaine et haut d' une cinquantaine de mètres , il porte , entre autre , un haut relief sur chacun de ses quatre piliers :	Commandé par Napoléon en 1806 , ce monument fut érigé au XIX e et achevé en 1836 . Inspiré de l' architecture romaine et haut d' une cinquantaine de mètres , il porte , entre autre , un haut relief sur chacun de ses quatre piliers :	correction de numéraux
Sur les faces extérieures de l' Arc sont gravés les noms des grands Révolutionnaires et des victoires militaires de Napoléon Ier . Sur les murs intérieurs du monument sont inscrits les noms des 558 Généraux d' Empire . Les noms de ceux qui moururent au combat sont soulignés .	Sur les faces extérieures de l' Arc sont gravés les noms des grands Révolutionnaires et des victoires militaires de Napoléon I er . Sur les murs intérieurs du monument sont inscrits les noms des 558 Généraux d' Empire . Les noms de ceux qui moururent au combat sont soulignés .	correction de numéraux
Sur les faces extérieures de l' Arc sont gravés les noms des grands révolutionnaires et des victoires militaires de Napoléon I er . Sur les murs intérieurs du monument sont inscrits les noms de 558 officiers d' Empireet de la république . Les noms de ceux qui moururent au combat sont soulignés .	Sur les faces extérieures de l' Arc sont gravés les noms des grands révolutionnaires et des victoires militaires de Napoléon I er . Sur les murs intérieurs du monument sont inscrits les noms de 558 officiers d' Empire et de la république . Les noms de ceux qui moururent au combat sont soulignés .	Histoire
* Deux fois par an ( aux alentours du 8 mai et du 1 er août ) , le Soleil se couche dans l' axe des Champs-Élysées . Pour une personne située sur les Champ-Élysées , le disque solaire est ainsi visible quelques minutes sous l' arche de l' Arc de Triomphe . Le 10 mai 1994 , le phénomène s' est accompagné d' une éclipse partielle de Soleil , observée par près de 200 000 personnes http : // www . ina . fr / voir _ revoir / eclipse / eclipse . fr . html .	* Deux fois par an ( aux alentours du 8 mai et du 1 er août ) , le Soleil se couche dans l' axe des Champs-Élysées . Pour une personne située sur les Champs-Élysées , le disque solaire est ainsi visible quelques minutes sous l' arche de l' Arc de Triomphe . Le 10 mai 1994 , le phénomène s' est accompagné d' une éclipse partielle de Soleil , observée par près de 200 000 personnes http : // www . ina . fr / voir _ revoir / eclipse / eclipse . fr . html .	Divers
